0	1	date	formato
-106.4844067	31.7388852	1992-03-01	TIENDA COPPEL
-107.3974728	24.808823	1956-01-01	TIENDA COPPEL
-107.3953827	24.8057743	1961-01-01	TIENDA COPPEL
-107.393615	24.7981801	1968-01-01	TIENDA COPPEL
-108.9913827	25.8009625	1987-11-01	TIENDA COPPEL
-107.7014482	24.7637822	1972-01-01	TIENDA COPPEL
-108.4522061	25.5505695	1979-11-01	TIENDA COPPEL
-108.4663309	25.5606486	1977-10-01	TIENDA COPPEL
-109.9348711	27.4938751	1980-07-01	TIENDA COPPEL
-107.4159982	24.8392319	1982-07-01	TIENDA COPPEL
-109.9316329	27.4871043	1985-10-01	TIENDA COPPEL
-107.3941559	24.8010378	1984-12-01	TIENDA COPPEL
-106.4206962	23.2026719	1985-04-01	TIENDA COPPEL
-100.0142924	25.2753037	1985-09-01	TIENDA COPPEL
-110.953644	29.0834457	1985-12-01	TIENDA COPPEL
-108.9882766	25.7841552	1986-11-01	TIENDA COPPEL
-110.9973609	29.136291	1987-12-01	TIENDA COPPEL
-106.4199755	23.2051184	1988-03-01	TIENDA COPPEL
-115.4777039	32.658463	1988-11-01	TIENDA COPPEL
-104.8989444	21.5135644	1988-11-01	TIENDA COPPEL
-110.8903093	27.9256164	1989-04-01	TIENDA COPPEL
-104.6669355	24.0258092	1990-03-01	TIENDA COPPEL
-114.7825892	32.483398	1992-11-01	TIENDA COPPEL
-104.8920656	21.5130712	1990-11-01	TIENDA COPPEL
-110.9643304	31.2669063	1990-11-01	TIENDA COPPEL
-103.4638083	25.5422746	1991-09-01	TIENDA COPPEL
-109.4526061	27.0733933	1991-05-01	TIENDA COPPEL
-115.4777039	32.658463	1991-07-01	TIENDA COPPEL
-106.4209127	23.2431298	1991-07-01	TIENDA COPPEL
-99.2267067	19.3605334	1991-10-01	TIENDA COPPEL
-110.9924098	29.0937908	1991-11-01	TIENDA COPPEL
-103.4964822	25.5650504	1991-11-01	TIENDA COPPEL
-109.9521077	27.4826906	1992-06-01	TIENDA COPPEL
-100.9874236	25.4265178	1992-08-01	TIENDA COPPEL
-102.8678676	23.1739499	1996-04-01	TIENDA COPPEL
-99.146999	19.431252	1992-10-01	TIENDA COPPEL
-102.2965552	21.8791098	1993-03-01	TIENDA COPPEL
-105.2299484	20.6328091	1993-10-01	TIENDA COPPEL
-101.398455	26.9606692	1993-09-01	TIENDA COPPEL
-101.9209228	21.3614464	1993-10-01	TIENDA COPPEL
-101.1912034	19.6954869	1994-07-01	TIENDA COPPEL
-100.9793128	22.1568518	1994-10-01	TIENDA COPPEL
-3.7076445	40.4115165	1994-09-01	TIENDA COPPEL
-110.9104279	27.9274116	1994-10-01	TIENDA COPPEL
-106.1047394	28.6023042	1994-07-01	TIENDA COPPEL
-105.4737979	28.1936384	1994-11-01	TIENDA COPPEL
-102.3099505	21.8964877	1994-07-01	TIENDA COPPEL
-102.5507336	20.2819051	1994-11-01	TIENDA COPPEL
-101.0035081	25.4270256	1996-04-01	TIENDA COPPEL
-103.7390894	19.2438822	1994-11-01	COPPEL REMATE
-102.297285	19.9774364	1994-11-01	TIENDA COPPEL
-106.4316684	31.7216879	1995-08-01	TIENDA COPPEL
-102.2997031	21.8874779	1995-04-01	TIENDA COPPEL
-106.4311111	31.7038397	1995-11-01	TIENDA COPPEL
-103.405881	25.5307615	1995-11-01	TIENDA COPPEL
-101.6840449	21.1199495	1996-07-01	TIENDA COPPEL
-100.3953552	20.5923214	1996-11-01	TIENDA COPPEL
-100.8104069	20.5197463	1996-11-01	TIENDA COPPEL
-104.6681252	24.0215052	1997-08-01	TIENDA COPPEL
-106.1055892	28.6709252	1997-10-01	TIENDA COPPEL
-110.9475262	31.3212434	1997-09-01	TIENDA COPPEL
-99.6622632	19.2488262	1997-11-01	TIENDA COPPEL
-103.7231429	19.240026	1997-11-01	TIENDA COPPEL
-110.8236733	27.9600538	1997-12-01	TIENDA COPPEL
-109.6416121	26.8261137	1997-11-01	TIENDA COPPEL
-106.4703186	31.6584596	1997-12-01	TIENDA COPPEL
-102.0637781	19.4176921	1999-06-01	TIENDA COPPEL
-101.192885	19.7020748	1998-07-01	TIENDA COPPEL
-98.2025027	19.0666924	1998-10-01	TIENDA COPPEL
-98.1922434	19.0451487	1998-12-01	TIENDA COPPEL
-98.2350769	19.0741951	1998-10-01	TIENDA COPPEL
-97.8549544	22.2161375	1998-08-01	TIENDA COPPEL
-117.0383439	32.5347576	1998-10-01	TIENDA COPPEL
-116.9709551	32.5015988	1998-10-01	TIENDA COPPEL
-116.6082925	31.8693093	1998-10-01	TIENDA COPPEL
-96.9351899	18.8887033	1999-08-01	TIENDA COPPEL
-110.3217833	24.1496434	1998-11-01	TIENDA COPPEL
-106.8667798	28.4059555	1999-04-01	TIENDA COPPEL
-90.6540954	16.5142764	1999-04-01	TIENDA COPPEL
-103.3486942	20.6703555	1998-12-01	TIENDA COPPEL
-103.3910645	20.7228513	1999-08-01	TIENDA COPPEL
-103.34718	20.67127	1999-09-01	TIENDA COPPEL
-101.3489853	20.6696684	2000-05-01	TIENDA COPPEL
-103.3270151	20.7219557	1999-07-01	TIENDA COPPEL
-100.2561471	25.7277964	1999-08-01	TIENDA COPPEL
-100.9603806	25.511315	1999-08-01	TIENDA COPPEL
-100.2572084	25.7814786	1999-10-01	TIENDA COPPEL
-115.494548	32.6232645	1999-09-01	TIENDA COPPEL
-97.8760716	22.298766	1999-09-01	TIENDA COPPEL
-102.5448617	22.7643655	1999-09-01	TIENDA COPPEL
-100.4031486	20.6161942	1999-10-01	TIENDA COPPEL
-101.0072111	25.3921624	1999-12-01	TIENDA COPPEL
-103.5063278	25.5537148	1999-10-01	TIENDA COPPEL
-116.958518	32.4952897	1999-10-01	TIENDA COPPEL
-116.8685856	32.5134098	1999-12-01	TIENDA COPPEL
-116.9196046	32.4991746	1999-12-01	TIENDA COPPEL
-101.6354555	21.099633	1999-11-01	TIENDA COPPEL
-106.3907638	31.6341167	1999-12-01	TIENDA COPPEL
-116.8897035	32.4985683	1999-10-01	TIENDA COPPEL
-100.1895211	25.6577668	2000-05-01	TIENDA COPPEL
-99.1691413	19.4301322	1999-11-01	TIENDA MUEBLES
-115.3888972	32.5992437	1999-11-01	TIENDA COPPEL
-105.7763646	22.8371093	2000-04-01	TIENDA COPPEL
-106.3474475	31.6387078	2000-08-01	TIENDA COPPEL
-100.3139557	25.6759947	2000-11-01	TIENDA COPPEL
-98.4340767	19.2806536	2000-04-01	TIENDA COPPEL
-116.6224673	31.8658668	2000-09-01	TIENDA COPPEL
-101.6826359	21.1211701	2000-05-01	TIENDA COPPEL
-100.8134565	20.5246954	2000-10-01	TIENDA COPPEL
-99.0152174	21.9844646	2000-08-01	TIENDA COPPEL
-100.3406277	25.7418167	2000-09-01	TIENDA COPPEL
-8.5441729	42.8768606	2001-09-01	TIENDA COPPEL
-100.3184957	25.6725025	2000-11-01	TIENDA COPPEL
-100.1467898	25.6704445	2000-10-01	TIENDA COPPEL
-100.3801727	25.7733062	2000-10-01	TIENDA COPPEL
-109.4481322	27.0786188	2000-10-01	TIENDA COPPEL
-92.9649469	17.9887045	2013-09-19	TIENDA COPPEL
-101.2771791	21.0144265	2000-12-01	TIENDA COPPEL
-98.3143147	26.0760226	2000-12-01	TIENDA COPPEL
-99.5160657	27.4477724	2001-11-01	TIENDA COPPEL
-99.5153999	27.4628401	2001-11-01	TIENDA COPPEL
-97.3925871	18.4619893	2001-05-01	TIENDA COPPEL
-103.4665142	25.5345841	2001-04-01	TIENDA COPPEL
-103.4033096	25.5067186	2001-04-01	TIENDA COPPEL
-104.6318384	24.0430684	2001-04-01	TIENDA COPPEL
-103.4409927	20.6590841	2001-09-01	TIENDA COPPEL
-109.947615	27.485071	2001-11-01	TIENDA COPPEL
-99.2373451	18.92571	2002-07-01	TIENDA COPPEL
-102.1931401	17.9576941	2002-11-01	TIENDA COPPEL
-100.2942378	25.6296093	2001-04-01	TIENDA COPPEL
-100.2307907	25.6805777	2001-09-01	TIENDA COPPEL
-100.1517624	25.6694984	2001-04-01	TIENDA COPPEL
-97.1046336	18.8459723	2001-04-01	TIENDA COPPEL
-100.2027983	25.7241043	2001-11-01	TIENDA COPPEL
-98.2282089	18.9964632	2001-07-01	TIENDA COPPEL
-106.1292311	28.7051004	2001-07-01	TIENDA COPPEL
-104.8797594	21.4945189	2001-05-01	TIENDA COPPEL
-106.3560371	31.6500711	2002-06-01	TIENDA COPPEL
-94.5453227	17.9844166	2002-04-01	TIENDA COPPEL
-103.3955556	20.6568141	2001-10-01	TIENDA COPPEL
-109.7009803	23.0604568	2001-12-01	TIENDA COPPEL
-103.8717337	18.9105605	2001-10-01	TIENDA COPPEL
-104.0471165	20.5465071	2002-02-01	TIENDA COPPEL
-100.35564	25.718374	2007-12-13	TIENDA COPPEL
-105.6661806	26.9323712	2002-04-01	TIENDA COPPEL
-106.4316613	31.656251	2002-06-01	TIENDA COPPEL
-99.2084286	19.6480767	2002-08-01	TIENDA COPPEL
-99.2349951	19.4714928	2002-12-01	TIENDA COPPEL
-103.3212248	20.6243088	2002-05-01	TIENDA COPPEL
-97.4809311	25.8645775	2002-11-01	TIENDA COPPEL
-98.1468289	19.0710055	2002-08-01	TIENDA COPPEL
-93.2241537	18.2638358	2002-05-01	TIENDA COPPEL
-102.3549146	19.0838427	2002-07-01	TIENDA COPPEL
-97.8654542	22.2505772	2002-06-01	TIENDA COPPEL
-99.2174168	19.3594557	2003-06-01	TIENDA COPPEL
-96.1414635	19.1931208	2002-11-01	TIENDA COPPEL
-92.9197002	17.9980722	2002-10-01	TIENDA COPPEL
-100.8380919	20.5365695	2002-08-01	TIENDA COPPEL
-101.4398593	26.9006086	2002-09-01	TIENDA COPPEL
-109.9453356	27.5011503	2013-11-07	TIENDA COPPEL
-97.5070355	25.8523747	2002-11-01	TIENDA COPPEL
-99.1848435	19.481773	2003-12-01	TIENDA COPPEL
-99.210232	19.3989658	2002-10-01	TIENDA COPPEL
-94.4129055	18.1449467	2003-05-01	TIENDA COPPEL
-99.2294852	18.9233032	2002-12-01	TIENDA COPPEL
-98.9790981	19.3554819	2002-12-01	TIENDA COPPEL
-96.1350957	19.189689	2003-04-01	TIENDA COPPEL
-104.6703975	24.0230219	2003-04-01	TIENDA COPPEL
-99.2238855	19.6695593	2003-12-01	TIENDA COPPEL
-99.1708993	19.6469914	2003-04-01	TIENDA COPPEL
-103.3414101	20.617111	2003-04-01	TIENDA COPPEL
-103.2667988	20.6310104	2002-10-01	TIENDA COPPEL
-96.1732072	19.2147256	2002-11-01	TIENDA COPPEL
-99.9044584	16.8576739	2003-06-01	TIENDA COPPEL
-117.0303072	32.5325191	2002-11-01	TIENDA COPPEL
-101.6595318	21.1332238	2002-12-01	TIENDA COPPEL
-116.9336813	32.5353671	2002-11-01	TIENDA COPPEL
-106.1291322	28.6589247	2003-04-01	TIENDA COPPEL
-108.4577911	25.5814617	2013-08-29	TIENDA COPPEL
-99.143777	19.5264908	2003-07-01	TIENDA COPPEL
-107.3609601	24.3238063	2003-05-01	TIENDA COPPEL
-92.9720198	17.9579256	2003-05-01	TIENDA COPPEL
-99.2084286	19.6480767	2003-11-01	TIENDA COPPEL
-100.2874007	25.6442606	2003-07-01	TIENDA COPPEL
-99.0935692	19.6329012	2003-09-01	TIENDA COPPEL
-99.0861716	19.6296405	2003-09-01	TIENDA COPPEL
-92.9186434	18.010358	2013-09-26	TIENDA COPPEL
-99.1936469	19.5378822	2003-09-01	TIENDA COPPEL
-99.1875565	19.4592711	2003-12-01	TIENDA COPPEL
-98.7740821	20.0798942	2004-08-01	TIENDA COPPEL
-98.4337627	19.2818187	2003-07-01	TIENDA COPPEL
-89.6227021	20.9921007	2003-06-01	TIENDA COPPEL
-89.6524002	20.9666759	2003-06-01	TIENDA COPPEL
-116.9711904	32.4765508	2003-12-01	TIENDA COPPEL
-99.1774077	19.6695017	2003-12-01	TIENDA COPPEL
-99.0595787	19.5101476	2003-09-01	TIENDA COPPEL
-88.3248835	18.5212518	2003-12-01	TIENDA COPPEL
-96.7201489	17.0455585	2003-10-01	TIENDA COPPEL
-116.6323548	32.5689926	2003-09-01	TIENDA COPPEL
-107.4258193	24.8157317	2003-11-01	TIENDA COPPEL
-99.2163769	19.4600439	2016-12-15	COPPEL DIGITAL
-103.7369358	19.2724025	2003-10-01	TIENDA COPPEL
-96.1086696	19.1558468	2003-11-01	TIENDA COPPEL
-99.5943414	19.2812989	2004-04-01	TIENDA COPPEL
-103.3458239	20.7208648	2004-02-01	TIENDA COPPEL
76.71305	30.6748866	2003-12-01	TIENDA COPPEL
-110.9951847	29.1455309	2003-10-01	TIENDA COPPEL
-110.3115207	24.117616	2003-10-01	TIENDA COPPEL
-91.8088009	18.6552848	2003-10-01	TIENDA COPPEL
-110.9794322	29.11816	2004-04-01	TIENDA COPPEL
-104.3384616	19.1138094	2004-03-01	TIENDA COPPEL
-101.2123022	19.7025966	2004-05-01	TIENDA COPPEL
-100.8123549	20.5192244	2004-02-01	TIENDA COPPEL
-101.8535838	21.0174961	2004-02-01	TIENDA COPPEL
-99.5053464	17.5408483	2004-04-01	TIENDA COPPEL
-98.9491686	18.8095339	2004-04-01	TIENDA COPPEL
-99.0687125	19.6420785	2004-07-01	TIENDA COPPEL
-99.50774	27.4666247	2004-04-01	TIENDA COPPEL
-98.4692586	18.5981588	2004-04-01	TIENDA COPPEL
-106.4245478	31.6903638	2004-12-01	TIENDA MUEBLES
-117.0593287	32.3679954	2004-07-01	TIENDA COPPEL
-99.1536615	19.4247257	2004-06-01	TIENDA COPPEL
-98.9439975	19.2781177	2004-06-01	TIENDA COPPEL
-99.0545223	19.5734481	2004-04-01	TIENDA MUEBLES
-89.6436072	20.9631702	2004-07-01	TIENDA COPPEL
-107.4006967	24.8162641	2004-12-01	TIENDA COPPEL
-89.6568722	20.9854965	2004-07-01	TIENDA COPPEL
-100.7159748	20.0283173	2004-07-01	TIENDA COPPEL
-100.3726762	20.5701857	2004-07-01	TIENDA COPPEL
-94.4722117	18.1464718	2004-06-01	TIENDA COPPEL
-104.6641195	24.0076285	2004-07-01	TIENDA COPPEL
-103.5010903	25.5972879	2004-06-01	TIENDA COPPEL
-109.0145192	25.8001765	2004-06-01	TIENDA COPPEL
-106.4042855	23.261402	2004-06-01	TIENDA COPPEL
-107.426603	24.7470679	2004-06-01	TIENDA COPPEL
-109.5531233	31.3241753	2004-09-01	TIENDA COPPEL
-113.5374253	31.3231138	2004-08-01	TIENDA COPPEL
-97.4469247	18.9928203	2004-08-01	TIENDA COPPEL
-102.5718423	22.7719005	2004-11-01	TIENDA COPPEL
-103.4661639	19.7028378	2004-08-01	TIENDA COPPEL
-103.4491467	25.5601506	2004-09-01	TIENDA COPPEL
-101.7103459	21.1032458	2004-08-01	TIENDA COPPEL
-100.3516619	25.7572141	2004-08-01	TIENDA MUEBLES + ZAPATERIA
-100.1754666	25.7434098	2004-11-01	TIENDA COPPEL
-99.0453513	19.3912001	2005-06-02	TIENDA COPPEL
-98.8737633	19.3238579	2004-11-01	TIENDA COPPEL
-99.1804959	19.6142161	2005-04-28	TIENDA COPPEL
-98.2919295	19.0755241	2004-12-01	TIENDA COPPEL
-99.3037471	19.3488566	2004-12-01	TIENDA COPPEL
-98.97915	19.3543937	2004-11-01	TIENDA COPPEL
-98.928178	19.409945	2004-12-01	TIENDA COPPEL
-98.4211841	19.2907752	2004-11-01	TIENDA COPPEL
-101.1799165	20.3930842	2005-05-05	TIENDA COPPEL
-99.1029664	19.2572314	2005-03-17	TIENDA COPPEL
-98.0983592	25.9842637	2005-04-14	TIENDA COPPEL
-106.3997743	31.6123758	2005-03-17	TIENDA COPPEL
-99.0354064	19.6273979	2005-06-09	TIENDA COPPEL
-99.8439856	16.9089634	2005-05-05	TIENDA COPPEL
-101.377859	20.6654901	2005-04-14	TIENDA COPPEL
-92.2658267	14.9042498	2005-09-01	TIENDA COPPEL
-103.4323929	20.6166871	2005-02-24	TIENDA COPPEL
-115.5133331	32.6351149	2005-03-17	TIENDA COPPEL
-99.3320925	20.0585852	2005-08-11	TIENDA COPPEL
-86.8233332	21.1684569	2005-08-11	TIENDA COPPEL
-86.8258276	21.1629199	2005-12-03	TIENDA COPPEL
-86.8529766	21.1842872	2005-08-11	TIENDA COPPEL
-105.2209561	20.6485489	2005-07-14	TIENDA COPPEL
-102.7473529	20.8295567	2005-08-25	TIENDA COPPEL
-100.2541842	25.586932	2005-09-29	TIENDA COPPEL
-100.454741	25.6870877	2005-10-13	TIENDA COPPEL
-93.3652596	17.979027	2005-07-14	TIENDA COPPEL
-99.9995756	25.5968609	2005-09-22	TIENDA COPPEL
-92.9572816	17.9707842	2006-02-01	TIENDA COPPEL
-101.6282113	21.1234801	2005-07-28	TIENDA COPPEL
-99.9672026	20.3826774	2005-10-06	TIENDA COPPEL
-98.9998032	21.9668597	2005-07-28	TIENDA COPPEL
-110.9421624	31.2984917	2005-06-09	TIENDA COPPEL
-97.4708484	20.5351022	2005-10-13	TIENDA COPPEL
-100.5251731	28.7067612	2005-12-02	TIENDA COPPEL
-99.1557157	23.7533236	2005-09-15	TIENDA COPPEL
-89.5925857	20.9673702	2005-10-20	TIENDA COPPEL
-99.5631861	24.8641562	2005-04-28	TIENDA COPPEL
-96.9215912	19.5328844	2005-12-13	TIENDA COPPEL
-92.9238378	17.9979116	2005-10-06	TIENDA COPPEL
-99.9856344	21.9277923	2005-12-08	TIENDA COPPEL
-99.2161191	20.4856986	2006-05-01	TIENDA COPPEL
-86.8251719	21.1661723	2006-12-01	TIENDA COPPEL
-106.4454183	31.7365889	2005-12-01	TIENDA COPPEL
-98.3693108	20.0839529	2005-12-08	TIENDA COPPEL
-98.4374668	18.9056027	2005-12-01	TIENDA COPPEL
-109.9355906	22.9065081	2005-12-13	TIENDA COPPEL
-109.705739	23.0753317	2005-12-13	TIENDA COPPEL
-98.9870739	19.4029142	2005-12-15	TIENDA COPPEL
-98.9747069	22.7442346	2006-12-01	TIENDA COPPEL
-103.3946895	20.6243118	2005-10-06	TIENDA COPPEL
-115.3641077	32.5781148	2005-12-08	TIENDA COPPEL
-87.0817928	20.6302293	2006-07-01	TIENDA COPPEL
-106.458532	31.6760983	2006-04-01	TIENDA COPPEL
-92.652172	16.7338858	2005-10-13	TIENDA COPPEL
-104.8998785	21.2365496	2005-10-06	TIENDA COPPEL
-100.2399153	25.6989052	2005-11-24	TIENDA COPPEL
-96.1292501	18.0855413	2005-12-13	TIENDA COPPEL
-97.7260912	18.8813267	2005-12-01	TIENDA COPPEL
-93.3775511	17.9894614	2006-09-01	TIENDA COPPEL
-92.2596159	14.9154311	2006-06-01	TIENDA COPPEL
-99.0027246	19.3571465	2005-12-01	TIENDA COPPEL
-99.1698766	18.8975416	2005-12-15	TIENDA COPPEL
-103.3784741	20.5272292	2006-05-01	TIENDA COPPEL
-102.3328111	21.2433585	2006-04-01	TIENDA COPPEL
-89.5947193	21.0009773	2005-12-13	TIENDA COPPEL
-100.9717538	25.4171401	2005-12-01	TIENDA COPPEL
-103.4825224	20.5231224	2005-12-01	TIENDA COPPEL
-99.1373569	19.4009393	2006-12-01	TIENDA COPPEL
-98.7157926	20.0959446	2006-07-01	TIENDA COPPEL
-101.1995037	20.5749201	2006-12-01	TIENDA COPPEL
-102.210553	17.9696533	2006-09-01	TIENDA COPPEL
-102.3153292	21.8581036	2013-08-29	TIENDA COPPEL
-101.5520753	17.6467907	2006-07-01	TIENDA COPPEL
-100.3125286	25.6710178	2006-04-01	TIENDA COPPEL
-98.2270002	21.3545156	2006-06-01	TIENDA COPPEL
-93.1844806	16.7621697	2006-11-01	TIENDA COPPEL
-104.5601897	19.2402352	2006-09-01	TIENDA COPPEL
-100.4593525	20.6348922	2006-12-01	TIENDA COPPEL
-93.2112198	18.2847544	2007-09-13	TIENDA COPPEL
-104.3734038	21.0366937	2006-09-01	TIENDA COPPEL
-100.1554451	25.6384982	2006-12-01	TIENDA COPPEL
-99.0761578	19.3505068	2006-12-01	TIENDA COPPEL
-102.3460017	20.7054346	2006-11-01	TIENDA COPPEL
-93.3922943	17.8335876	2006-11-01	TIENDA COPPEL
-93.119365	16.754296	2006-12-01	TIENDA COPPEL
-93.1147188	16.7524492	2007-05-31	TIENDA COPPEL
-99.591607	18.9637823	2006-08-01	TIENDA COPPEL
-117.0459649	32.481479	2007-11-22	TIENDA COPPEL
-99.5524868	19.2868115	2006-10-01	TIENDA COPPEL
-101.7879482	19.8164846	2006-06-01	TIENDA COPPEL
-116.9346391	32.4926135	2006-12-01	TIENDA COPPEL
-106.8948717	23.9204401	2006-08-01	TIENDA COPPEL
-101.2057433	27.9468252	2006-07-01	TIENDA COPPEL
-103.2507472	25.5340336	2006-07-01	TIENDA COPPEL
-103.0004132	25.7549929	2006-07-01	TIENDA COPPEL
-99.5640219	24.8434595	2006-06-01	TIENDA COPPEL
-110.9392773	29.0368269	2006-12-01	TIENDA COPPEL
-98.2419461	18.9648859	2006-12-01	TIENDA COPPEL
-99.1377407	19.4344112	2006-12-01	TIENDA COPPEL
-100.9410551	29.3087287	2007-03-08	TIENDA COPPEL
-99.1360159	19.6429612	2006-12-01	TIENDA COPPEL
-101.3415672	20.6745198	2006-06-01	TIENDA COPPEL
-97.848513	22.283174	2006-08-01	TIENDA COPPEL
-95.4002291	17.9947261	2013-11-07	TIENDA COPPEL
-93.1648669	18.0693537	2006-09-01	TIENDA COPPEL
-99.0538976	19.3031508	2007-07-05	TIENDA COPPEL
-99.0335453	19.4020492	2006-08-01	TIENDA COPPEL
-98.9667311	19.4334404	2006-09-01	TIENDA COPPEL
-96.0480541	16.6344617	2013-11-07	TIENDA COPPEL
-105.6422061	26.9248167	2007-08-02	TIENDA COPPEL
77.3590017	28.5442788	2007-05-31	TIENDA COPPEL
-93.1011642	16.7511562	2007-10-04	TIENDA COPPEL
-96.7282394	17.0587663	2008-03-06	TIENDA COPPEL
-98.8969554	19.2630527	2008-02-07	TIENDA COPPEL
-117.0726286	32.5323072	2007-11-01	TIENDA COPPEL
-99.131757	19.4357068	2007-12-19	TIENDA COPPEL
-89.2799763	21.098173	2013-11-28	TIENDA COPPEL
-115.1102222	32.279466	2007-04-26	TIENDA COPPEL
-117.0335719	32.4450819	2007-11-22	TIENDA COPPEL
-100.2612834	25.7075025	2007-11-15	TIENDA COPPEL
-99.1159581	19.3566703	2007-12-13	TIENDA COPPEL
-101.6403553	21.0831399	2007-04-12	TIENDA COPPEL
-98.1263888	19.0603384	2007-08-30	TIENDA COPPEL
-108.6165053	26.4107628	2007-06-08	TIENDA COPPEL
-101.4254424	20.9454916	2007-11-29	TIENDA COPPEL
-95.2130284	18.4441222	2007-09-27	TIENDA COPPEL
-96.9152535	19.5396991	2007-12-13	TIENDA COPPEL
-94.5721117	17.9919693	2007-12-13	TIENDA COPPEL
-94.9195125	17.9542411	2007-11-29	TIENDA COPPEL
-103.7362901	19.2476272	2007-04-26	TIENDA COPPEL
-97.5046964	25.8350164	2007-11-01	TIENDA COPPEL
-106.8789198	28.3993422	2007-08-09	TIENDA COPPEL
-99.9004167	20.5222735	2007-08-09	TIENDA COPPEL
-100.9375371	21.1552374	2008-06-05	TIENDA COPPEL
-96.7492434	17.0954309	2007-12-13	TIENDA COPPEL
-98.2117284	18.9950082	2007-08-23	TIENDA COPPEL
-98.1998122	19.3127069	2007-12-13	TIENDA COPPEL
-99.7664991	19.5655586	2007-12-13	TIENDA COPPEL
-99.1042008	19.7980034	2008-06-05	TIENDA COPPEL
-108.1582215	25.3632177	2007-07-05	TIENDA COPPEL
-108.0777229	25.4605699	2007-07-05	TIENDA COPPEL
-107.3828274	24.7651497	2007-11-08	TIENDA COPPEL
-108.9979508	25.7933556	2007-10-04	TIENDA COPPEL
-114.7679204	32.447317	2007-11-29	TIENDA COPPEL
-97.5041613	25.850467	2007-11-01	TIENDA COPPEL
-103.3939019	20.7237312	2007-11-29	TIENDA COPPEL
-102.2702988	21.931666	2007-11-22	TIENDA COPPEL
-86.8597327	21.1359329	2008-10-02	TIENDA COPPEL
-98.19508	19.07056	2007-11-29	TIENDA COPPEL
-95.2268307	18.4517008	2007-11-29	TIENDA COPPEL
-98.7833203	20.0561851	2007-12-13	TIENDA COPPEL
-98.9802191	19.8368347	2007-09-13	TIENDA COPPEL
-99.1907089	20.2396373	2007-12-13	TIENDA COPPEL
-99.9322789	16.8674405	2007-10-18	TIENDA COPPEL
-99.0458447	19.5988278	2008-03-06	TIENDA COPPEL
-100.8452062	20.5485884	2007-08-23	TIENDA COPPEL
-99.0409351	19.577533	2007-08-30	TIENDA COPPEL
-99.2631574	19.6490827	2007-11-29	TIENDA COPPEL
-98.9005307	19.2561051	2009-11-26	TIENDA COPPEL
-99.0761588	19.3948045	2008-05-29	TIENDA COPPEL
-99.8222092	16.8999591	2007-12-13	TIENDA COPPEL
-100.948412	25.4429257	2007-09-13	TIENDA COPPEL
-97.5304398	25.858157	2007-07-05	TIENDA COPPEL
-100.4119531	20.560843	2007-12-13	TIENDA COPPEL
-107.3963801	24.8216925	2007-11-22	TIENDA COPPEL
-93.1029939	16.7516009	2007-12-13	TIENDA COPPEL
-116.9026977	32.5382684	2007-09-27	TIENDA COPPEL
-92.5908112	17.756607	2008-02-14	TIENDA COPPEL
-103.27555	20.67133	2007-12-13	TIENDA COPPEL
-103.4011497	20.6041421	2007-12-13	TIENDA COPPEL
-105.8613233	22.9914716	2008-11-06	TIENDA COPPEL
-107.3899441	24.5929916	2008-05-01	TIENDA COPPEL
-106.2107791	23.1892149	2008-08-14	TIENDA COPPEL
-103.380842	19.5565671	2008-08-21	TIENDA COPPEL
-100.1596845	25.7033624	2008-04-17	TIENDA COPPEL
-98.1870857	19.0100937	2008-05-29	TIENDA COPPEL
-97.2450588	19.561726	2008-05-01	TIENDA COPPEL
-92.9491852	17.5537094	2008-05-29	TIENDA COPPEL
-91.9883399	17.5116845	2008-06-26	TIENDA COPPEL
-95.2032857	16.211248	2009-11-26	TIENDA COPPEL
-102.0240728	20.3424036	2013-10-10	TIENDA COPPEL
-89.6256777	20.9972185	2008-12-03	TIENDA COPPEL
-99.1412682	19.4365771	2008-10-01	TIENDA COPPEL
-98.1824655	22.0581474	2008-07-24	TIENDA COPPEL
-97.8155722	25.6753676	2008-06-26	TIENDA COPPEL
-116.8642024	32.4973545	2008-12-01	TIENDA COPPEL
-116.8798522	32.4566417	2008-04-17	TIENDA COPPEL
-98.2290207	19.3182284	2008-09-11	TIENDA COPPEL
-96.138348	19.1901891	2008-05-22	TIENDA COPPEL
-99.5214142	18.3418429	2008-10-17	TIENDA COPPEL
-98.9172906	19.4150743	2008-04-10	TIENDA COPPEL
-98.9041209	19.4320476	2008-05-01	TIENDA COPPEL
-98.8818277	19.5041172	2008-04-24	TIENDA COPPEL
-103.519924	25.5465043	2008-09-25	TIENDA COPPEL
-99.3395047	19.9054627	2008-04-24	TIENDA COPPEL
-99.6451149	19.2634081	2008-08-28	TIENDA COPPEL
-98.8808672	19.2948106	2008-09-18	TIENDA COPPEL
-97.9571762	20.2752036	2010-04-29	TIENDA COPPEL
-96.1222175	18.0830086	2009-04-30	TIENDA COPPEL
-95.0184912	16.4338543	2008-11-01	TIENDA COPPEL
-99.0586132	19.6414723	2008-11-27	TIENDA COPPEL
-97.4203736	20.9508767	2008-10-01	TIENDA COPPEL
-99.5863757	19.3008135	2008-11-01	TIENDA COPPEL
-99.5886467	19.1092662	2008-11-27	TIENDA COPPEL
-99.0185472	19.3478481	2009-07-01	TIENDA COPPEL
-100.1112185	25.6518382	2009-05-21	TIENDA COPPEL
-115.505616	32.5876375	2008-09-18	TIENDA COPPEL
-117.0677081	32.3619461	2008-11-27	TIENDA COPPEL
-99.0435617	26.3965228	2008-11-01	TIENDA COPPEL
-101.723577	20.4298196	2008-11-27	TIENDA COPPEL
-99.249981	19.4324995	2010-05-06	TIENDA COPPEL
-103.37294	20.6583	2009-04-02	TIENDA COPPEL
-88.2009829	20.6893561	2010-11-11	TIENDA COPPEL
-99.2263668	19.6067035	2009-11-12	TIENDA COPPEL
-95.7958363	18.3663192	2009-09-17	TIENDA COPPEL
-99.5993217	18.5584179	2009-09-10	TIENDA COPPEL
-106.3784705	31.5990262	2009-04-02	TIENDA COPPEL
-100.2414371	25.7778423	2008-11-20	TIENDA COPPEL
-107.4388525	24.7554472	2009-03-12	TIENDA COPPEL
-106.380677	31.691554	2008-10-30	TIENDA COPPEL
-100.525261	21.2971422	2010-02-11	TIENDA COPPEL
-99.0389056	19.6192772	2009-06-18	TIENDA COPPEL
-99.1272748	19.4312401	2009-08-27	TIENDA COPPEL
-101.1767913	20.1193202	2008-11-13	TIENDA COPPEL
-116.8590203	32.4731679	2008-11-27	TIENDA COPPEL
-98.99662	19.6206856	2008-11-13	TIENDA COPPEL
-111.6727799	25.0231782	2009-04-30	TIENDA COPPEL
-99.8863828	19.79241	2009-11-26	TIENDA COPPEL
-100.3566756	19.4357959	2010-05-06	TIENDA COPPEL
-99.0525955	19.5530417	2008-11-27	TIENDA COPPEL
-101.4597863	19.231485	2013-12-12	TIENDA COPPEL
-99.1488441	19.4379216	2009-07-09	TIENDA COPPEL
-104.9042101	21.4926657	2008-10-30	TIENDA COPPEL
-99.5365391	19.9570884	2008-11-27	TIENDA COPPEL
-99.6536246	20.3696695	2013-12-19	TIENDA COPPEL
-104.3642655	19.7721614	2009-09-17	TIENDA COPPEL
-102.0393547	19.4163527	2009-04-30	TIENDA COPPEL
-99.2163225	19.6221309	2009-04-30	TIENDA COPPEL
-100.1507188	18.9062177	2009-07-26	TIENDA COPPEL
-107.3953982	24.7354984	2008-11-01	ZAPATERIA
-99.1218886	19.4112363	2009-01-22	COPPEL DIGITAL
-97.7752676	17.8093331	2009-11-19	TIENDA COPPEL
-98.0940172	19.0509393	2009-11-26	TIENDA COPPEL
-100.9434392	25.5487842	2009-06-25	TIENDA COPPEL
-91.8428626	18.6446742	2009-10-01	TIENDA COPPEL
-100.3146043	25.7064354	2010-06-24	TIENDA COPPEL
-97.3206039	20.4435686	2010-11-25	TIENDA COPPEL
-99.4144962	19.6281355	2011-05-13	TIENDA COPPEL
-102.2509721	22.571635	2009-10-15	TIENDA COPPEL
-96.9347094	18.8886436	2009-11-26	TIENDA COPPEL
-103.3487879	20.6735585	2003-06-01	ZAPATERIA
-103.4630184	19.7026096	2004-08-01	ZAPATERIA
-99.2077319	20.470756	2009-08-27	TIENDA COPPEL
-99.1372766	19.433616	2013-09-26	ZAPATERIA
-76.8850433	-12.0147737	2004-09-01	ZAPATERIA
-103.3134966	20.6756967	2002-11-01	ZAPATERIA
-103.2976811	20.6948571	2003-03-01	ZAPATERIA
-103.3081996	20.6381008	2002-11-01	ZAPATERIA
-103.3890559	20.7252226	2002-12-01	ZAPATERIA
-102.295314	21.8840693	2003-10-01	ZAPATERIA
-104.3224637	19.0497472	2004-06-01	ZAPATERIA
-100.8171284	20.5207697	2003-08-01	ZAPATERIA
-100.8114425	20.5212866	2003-08-01	ZAPATERIA
-101.2573586	21.0190145	2003-11-01	ZAPATERIA
-101.1952982	20.5725179	2003-11-01	ZAPATERIA
-102.3545537	19.0882127	2003-07-01	ZAPATERIA
-102.0219572	20.34141	2003-09-01	ZAPATERIA
-102.2981536	21.8836036	2003-10-01	ZAPATERIA
-92.9219628	17.9694157	2004-09-01	ZAPATERIA
-93.0806781	16.7486429	2004-09-01	ZAPATERIA
-101.7860879	19.8175892	2003-12-01	ZAPATERIA
-101.1901078	19.7007662	2003-10-01	ZAPATERIA
-102.2840784	19.9820961	2003-07-01	ZAPATERIA
-99.0960344	19.4989757	2004-10-01	ZAPATERIA
-99.1587829	19.5191255	2010-10-28	ZAPATERIA
-100.9764614	22.1511346	2003-11-01	ZAPATERIA
-108.4633345	25.5580772	2004-12-01	ZAPATERIA
-104.8941511	21.5118206	2003-03-01	ZAPATERIA
-102.8716179	23.1745968	2003-10-01	ZAPATERIA
-99.1479289	19.4380427	2003-09-01	ZAPATERIA
-96.1449439	19.1874263	2004-12-01	ZAPATERIA
-102.5494167	20.2776488	2004-10-01	ZAPATERIA
-99.1852616	19.4058023	2003-11-01	ZAPATERIA
-101.6091326	19.5140101	2004-10-01	ZAPATERIA
-100.4069649	20.6309368	2007-12-13	ZAPATERIA + COPPEL DIGITAL
-100.640155	23.6467239	2013-11-14	ZAPATERIA
-100.9215658	22.1331056	2006-04-01	TIENDA ROPA
-108.9934625	25.7958106	2013-12-05	TIENDA COPPEL
-99.1873062	19.3759672	2003-08-01	ZAPATERIA
-99.1151528	19.3568336	2003-12-01	ZAPATERIA
-99.1283946	19.4303546	2004-12-01	ZAPATERIA
-100.1534523	25.6536738	2003-12-01	ZAPATERIA
-102.5168968	22.748282	2013-11-28	TIENDA COPPEL
-99.1910035	19.343742	2003-11-01	ZAPATERIA
-99.1938242	19.5390658	2003-09-01	ZAPATERIA
-99.1333734	19.4300536	2003-04-01	ZAPATERIA
-99.1015268	19.2620687	2003-12-01	ZAPATERIA
-115.3888972	32.5992437	2004-11-01	ZAPATERIA
-92.9193072	18.0147564	2016-12-23	ZAPATERIA
-99.495161	17.544932	2004-08-01	ZAPATERIA
-99.5397344	18.3448477	2003-10-01	ZAPATERIA
-99.6518017	19.3591074	2004-12-01	ZAPATERIA
-98.7313071	20.1278634	2003-11-01	ZAPATERIA
-98.3669745	20.0852425	2003-10-01	ZAPATERIA
-98.953516	18.8135046	2003-12-01	COPPEL DIGITAL
-99.2347823	18.9234676	2003-09-01	ZAPATERIA
-101.9336509	21.3641673	2004-12-01	ZAPATERIA
-75.5658153	6.2476376	2005-09-29	ZAPATERIA
-99.131757	19.4357068	2003-10-01	ZAPATERIA
-91.832651	18.6377666	2003-12-01	ZAPATERIA
-92.2655012	14.907303	2003-11-01	ZAPATERIA + COPPEL DIGITAL
-92.2621895	14.9094415	2003-12-01	ZAPATERIA
-106.3967451	31.6264612	2005-04-21	ZAPATERIA
-93.1172083	16.7536348	2003-08-01	ZAPATERIA
-97.3934205	18.4609194	2003-05-01	ZAPATERIA
-97.3615282	19.8144792	2003-05-01	ZAPATERIA
-96.7311701	17.0588656	2003-10-01	ZAPATERIA
-96.7257173	17.0611465	2003-09-01	ZAPATERIA
-93.3745716	17.9902241	2003-11-01	ZAPATERIA
-99.6762267	18.8447988	2013-10-18	ZAPATERIA
-98.3647102	26.0561825	2005-04-28	ZAPATERIA
-92.9219177	17.9963512	2003-03-01	ZAPATERIA
-94.9195125	17.9542411	2003-10-01	ZAPATERIA
-94.415712	18.1454389	2003-09-01	TIENDA ROPA
-96.9267987	19.5301571	2003-12-01	ZAPATERIA
-96.9275486	19.5339683	2003-08-01	ZAPATERIA
-97.0525581	20.0644194	2003-10-01	ZAPATERIA
-97.0901867	20.4516232	2003-10-01	ZAPATERIA
-99.1397997	19.4342628	2003-09-01	ZAPATERIA
-97.4621211	20.5277943	2003-11-01	ZAPATERIA
-95.2101133	18.4463144	2003-12-01	ZAPATERIA
-99.0192021	19.6303694	2007-11-29	ZAPATERIA
-96.1420028	19.1938883	2004-08-01	ZAPATERIA
-98.9435739	19.415875	2005-04-11	ZAPATERIA
-89.6232551	20.9660654	2004-07-01	ZAPATERIA
-103.3677427	20.7280071	2005-06-16	ZAPATERIA
-97.5061868	25.8529559	2005-06-23	ZAPATERIA
-99.146999	19.431252	2003-06-01	ZAPATERIA
-96.9343277	19.5849683	2013-08-08	TIENDA COPPEL
-109.9466833	27.4930456	2005-05-05	ZAPATERIA
-96.389104	18.2411095	2013-08-08	ZAPATERIA
-106.4242427	31.7162695	2003-06-01	ZAPATERIA
-106.4859707	31.7376503	2003-08-01	ZAPATERIA
-103.3451002	20.6773641	2005-12-22	ZAPATERIA
-101.1799165	20.3930842	2005-06-17	ZAPATERIA
-99.1838447	19.3885091	2003-11-01	ZAPATERIA
-82.0243657	22.8429803	2003-12-01	ZAPATERIA
-104.6606625	24.0247707	2003-06-01	ZAPATERIA
-107.394626	24.8089331	2002-10-01	ZAPATERIA
-106.4174804	23.2094081	2002-10-01	ZAPATERIA
-108.4721169	25.5650889	2004-07-01	ZAPATERIA
-115.5205233	32.64537	2005-05-26	ZAPATERIA
-109.93372	27.4921767	2003-09-01	ZAPATERIA
-110.8921439	27.922985	2003-11-01	ZAPATERIA
-101.1949825	19.7059504	2003-11-01	ZAPATERIA
-116.9613262	32.5300903	2005-10-20	ZAPATERIA
-100.5175188	28.7035247	2003-08-01	ZAPATERIA
-103.4289775	20.282613	2013-10-10	ZAPATERIA
-101.0017325	25.4252596	2003-12-01	ZAPATERIA
-100.2527753	25.6818399	2003-03-01	ZAPATERIA
-103.5722201	20.2302697	2013-10-01	ZAPATERIA
-116.9349694	32.521885	2005-11-18	ZAPATERIA
-101.1501346	19.6899565	2013-12-19	TIENDA COPPEL
-96.1224842	18.0824249	2005-12-14	ZAPATERIA
-100.3148339	25.6717179	2003-03-01	ZAPATERIA
-104.8981627	21.5151406	2005-12-01	ZAPATERIA
-99.0172251	21.9836163	2003-09-01	ZAPATERIA
-97.8382189	22.2481699	2003-03-01	ZAPATERIA
-97.5057737	25.8797581	2003-09-01	ZAPATERIA
-101.1995055	20.5739426	2005-12-21	ZAPATERIA
-97.5082111	25.8805699	2003-09-01	ZAPATERIA
-98.2824644	26.0922451	2003-10-01	ZAPATERIA
-97.8569195	22.2160449	2003-08-01	ZAPATERIA
-99.0883299	19.4742748	2007-12-06	ZAPATERIA
-97.8762417	22.310783	2003-11-01	ZAPATERIA
-116.6256133	31.8674469	2003-10-01	ZAPATERIA
-98.7565493	19.1181488	2005-09-08	ZAPATERIA
-96.1312029	19.160625	2006-04-01	ZAPATERIA
-117.04113	32.534912	2003-11-01	ZAPATERIA
-116.9749665	32.5021171	2003-11-01	ZAPATERIA
-101.260756	21.019655	2005-12-22	ZAPATERIA
-92.9238378	17.9979116	2003-03-01	ZAPATERIA
-98.1941532	19.3163566	2005-12-08	ZAPATERIA
-107.6997064	24.7664069	2006-04-01	ZAPATERIA
-92.5920534	17.7566393	2003-07-01	ZAPATERIA
-98.1971213	18.9881294	2005-12-01	ZAPATERIA
-92.6369181	16.7416502	2005-12-08	ZAPATERIA
-100.3139939	25.7077847	2005-12-01	ZAPATERIA
-98.5806193	19.3347211	2005-11-17	ZAPATERIA
-116.9663218	32.4976377	2006-02-01	ZAPATERIA
-109.6847625	30.3722494	2006-07-01	ZAPATERIA
-103.8359139	20.8832248	2006-12-01	ZAPATERIA
-96.679864	16.7855332	2013-12-12	TIENDA COPPEL
-100.7209521	20.0315291	2006-07-01	ZAPATERIA
-100.2925304	25.7546522	2006-09-01	ZAPATERIA
-99.5277183	17.6486243	2006-09-01	ZAPATERIA
-100.9952952	25.3887816	2006-10-01	ZAPATERIA
-114.7786175	32.4811342	2006-10-01	ZAPATERIA
-101.7239544	20.4313267	2006-09-01	ZAPATERIA
-106.4058459	23.2296401	2006-07-01	TIENDA COPPEL
-98.1404013	19.4137057	2006-10-01	ZAPATERIA
-101.3421197	20.6756743	2006-09-01	ZAPATERIA
-97.0640954	20.0694028	2007-02-01	ZAPATERIA
-111.3517958	26.0074477	2013-08-22	ZAPATERIA
-104.3009614	19.0924192	2013-12-12	TIENDA COPPEL
-98.9985537	19.6785078	2006-11-01	ZAPATERIA
-103.2422263	20.6248395	2006-12-01	ZAPATERIA
-98.8842824	19.5120553	2006-04-01	ZAPATERIA
-99.3429406	20.0533518	2006-06-01	ZAPATERIA
-116.8685856	32.5134098	2006-12-01	ZAPATERIA
-101.6875379	21.1173213	2006-11-01	ZAPATERIA
-103.38114	20.63176	2007-01-25	ZAPATERIA
-112.1579249	30.7113082	2006-12-01	ZAPATERIA
-99.0162789	19.606356	2006-11-01	ZAPATERIA
-99.1559287	19.4186699	2006-11-01	ZAPATERIA
-96.7276483	17.0568021	2009-10-08	ZAPATERIA
-95.5255736	18.0366204	2006-12-01	ZAPATERIA
-109.4358856	27.0343017	2007-04-19	ZAPATERIA
-99.2236019	19.7125874	2007-02-15	ZAPATERIA
-98.2459044	19.04045	2007-03-15	ZAPATERIA
-105.4580659	22.3981692	2007-08-09	ZAPATERIA
-103.285512	20.612305	2007-04-26	ZAPATERIA
-101.1979367	19.707208	2007-07-26	ZAPATERIA
-99.1098854	19.4263318	2007-07-28	ZAPATERIA
-100.2908632	25.960365	2007-05-17	ZAPATERIA
-96.9207896	19.5750793	2007-07-12	ZAPATERIA
-96.9173732	19.5680412	2007-08-16	ZAPATERIA
-98.4211639	19.2879661	2007-12-06	ZAPATERIA
-99.0765815	19.4928558	2008-01-10	ZAPATERIA
-98.7373451	20.1246244	2007-05-31	ZAPATERIA
-98.9771484	19.8450613	2007-06-14	ZAPATERIA
-98.0536012	20.1734775	2007-07-12	ZAPATERIA
-101.185873	20.1342859	2008-11-13	ZAPATERIA
-97.4456926	18.988852	2007-12-06	ZAPATERIA
-95.3000487	18.4650125	2007-09-06	ZAPATERIA
-98.2949657	19.0753413	2007-04-19	ZAPATERIA
-99.2232291	18.8451971	2007-04-26	ZAPATERIA
-99.0695538	19.4214375	2007-10-25	ZAPATERIA
-100.286918	18.3158346	2007-11-29	ZAPATERIA
-98.9458059	19.3264816	2008-04-10	ZAPATERIA
-98.9033059	19.4160407	2008-10-16	ZAPATERIA
-97.1346845	18.8370221	2014-07-24	TIENDA COPPEL
-95.4417826	18.5971721	2008-02-07	ZAPATERIA
-99.0052739	19.5956285	2007-09-20	ZAPATERIA
-98.3155073	19.0686626	2007-09-27	ZAPATERIA
-90.5368447	19.8446132	2009-11-26	ZAPATERIA
-110.9533451	29.0888165	2007-12-01	ZAPATERIA
-89.5714264	20.9875699	2007-12-13	ZAPATERIA
-98.3034609	26.0905673	2008-11-27	ZAPATERIA
-103.0284967	23.8247531	2008-03-13	ZAPATERIA
-103.316395	20.704769	2008-08-28	ZAPATERIA + COPPEL DIGITAL
-99.0630912	18.885432	2008-08-31	ZAPATERIA
-97.4013324	20.9523223	2008-10-16	ZAPATERIA
-98.4835606	18.6020948	2008-10-23	ZAPATERIA
-97.7171242	18.8686197	2008-07-24	TIENDA COPPEL
-97.7715529	18.9802163	2008-09-18	ZAPATERIA
-97.3895569	18.456394	2009-05-07	ZAPATERIA + COPPEL DIGITAL
-96.1598155	19.205808	2009-06-25	ZAPATERIA
-95.1094499	18.4186988	2009-07-16	ZAPATERIA
-93.7612856	16.0869461	2009-08-20	ZAPATERIA
-100.988932	20.6305323	2009-06-11	ZAPATERIA
-99.1915401	20.2514882	2008-08-28	ZAPATERIA
-107.4075295	24.7778772	2008-10-02	ZAPATERIA
-100.9388439	21.1598298	2008-07-10	ZAPATERIA
-117.0026555	32.5422046	2008-09-25	ZAPATERIA
-101.6492086	21.1494842	2008-11-06	TIENDA COPPEL
-98.9473047	20.2753352	2008-07-03	ZAPATERIA
-115.4764326	32.5937468	2008-08-07	ZAPATERIA
-107.3829808	24.8356743	2008-11-06	ZAPATERIA
-100.9988019	25.4278507	2009-04-02	ZAPATERIA
-102.3453368	20.7076456	2009-04-30	ZAPATERIA
-99.1073282	19.5179801	2009-11-05	ZAPATERIA
-104.8574403	21.4849677	2008-10-30	ZAPATERIA
-116.6071755	31.8621755	2008-10-02	ZAPATERIA
-101.5551175	17.6426255	2009-05-07	ZAPATERIA
-98.124559	19.0447375	2009-05-28	ZAPATERIA
-99.4659565	19.1837626	2009-05-07	ZAPATERIA
-99.5208827	19.2859785	2009-05-07	ZAPATERIA
-101.0643403	20.3756795	2009-07-09	ZAPATERIA
-105.4808081	28.2697374	2009-08-13	ZAPATERIA + COPPEL DIGITAL
-105.6671653	26.9348492	2009-04-09	ZAPATERIA
-103.4636819	25.537804	2009-08-20	ZAPATERIA
-107.3986241	24.7423132	2001-03-01	TIENDA VIRTUAL
-100.8073347	20.5207808	2013-10-24	TIENDA MUEBLES
-99.1174504	19.4831581	2013-12-05	TIENDA ROPA
-106.8938821	23.9170428	2002-12-01	ZAPATERIA
-102.3020115	19.9581427	2002-12-01	TIENDA MUEBLES
-98.2378948	19.2005196	2013-12-05	TIENDA COPPEL
-102.2887932	19.9870293	2005-05-19	TIENDA MUEBLES
-99.1338197	19.4279895	2006-12-01	TIENDA MUEBLES
-92.6373325	16.7435192	2005-10-13	TIENDA MUEBLES
-105.457356	22.3958245	2005-05-05	TIENDA COPPEL
-99.1494111	19.4322808	2005-07-09	TIENDA ROPA
-102.7185395	20.0564093	2005-05-19	TIENDA MUEBLES
-99.1794293	19.7610889	2005-12-08	TIENDA MUEBLES
-99.0856465	19.3582155	2005-12-08	TIENDA MUEBLES
-101.6732264	20.6296258	2009-09-10	TIENDA MUEBLES
-99.1320206	19.430831	2006-02-01	TIENDA MUEBLES
-102.716704	19.992829	2005-12-01	TIENDA MUEBLES
-99.0951701	19.6533104	2006-11-01	TIENDA MUEBLES
-108.9946284	25.7919814	2006-04-01	TIENDA MUEBLES
-99.1375298	19.4312237	2006-08-01	TIENDA MUEBLES
-103.3810176	20.6320708	2006-12-01	ZAPATERIA + COPPEL DIGITAL
-99.6599594	19.289009	2006-12-01	TIENDA COPPEL
-99.2203206	20.0902361	2006-11-01	TIENDA MUEBLES
-99.2337676	19.3077964	2006-12-01	TIENDA MUEBLES
-99.0353504	19.5147431	2006-12-01	TIENDA MUEBLES
-99.143866	19.4332702	2006-09-01	ZAPATERIA + COPPEL DIGITAL
-88.3049385	18.4987608	2007-11-29	TIENDA MUEBLES
-100.6281014	17.2237303	2008-04-24	TIENDA COPPEL
-99.2489194	19.565114	2006-11-01	TIENDA MUEBLES
-97.3584081	19.8203927	2009-08-13	TIENDA MUEBLES
-99.0266885	19.5268304	2007-11-22	TIENDA MUEBLES
-99.2651295	19.5952681	2007-05-31	TIENDA MUEBLES
-96.1350196	19.1910362	2007-07-12	TIENDA COPPEL
-99.1944987	19.5422726	2007-11-15	TIENDA MUEBLES
-99.0490829	19.5579877	2010-07-29	TIENDA MUEBLES
-95.520512	18.6249691	2008-11-06	TIENDA MUEBLES
-99.1361232	19.4412078	2008-10-30	TIENDA MUEBLES
-99.1022805	19.2652297	2010-02-11	TIENDA MUEBLES
-99.1402316	19.4770836	2009-05-07	TIENDA COPPEL
-108.6345518	25.6644281	2008-09-18	TIENDA MUEBLES
-112.2677374	27.3398848	2013-11-28	TIENDA COPPEL
-103.3730902	20.6187582	2013-12-19	TIENDA COPPEL
-103.4482868	20.4738474	2008-11-27	TIENDA MUEBLES
-99.0807785	19.4954019	2008-11-01	COPPEL REMATE
-99.2382454	19.4587034	2008-10-30	TIENDA MUEBLES
-116.5999697	31.8587558	2009-04-16	TIENDA MUEBLES
-103.2840448	20.5609246	2013-07-04	TIENDA COPPEL
-99.137386	19.4336319	2010-06-10	TIENDA COPPEL
-99.8122656	16.8437097	2009-11-10	TIENDA COPPEL
-98.2414483	19.208383	2009-11-26	ZAPATERIA + COPPEL DIGITAL
-92.4623284	15.1410941	2009-11-26	ZAPATERIA + COPPEL DIGITAL
-98.3657389	26.0566498	2009-11-26	TIENDA COPPEL
-99.2579947	19.5745803	2010-10-01	TIENDA COPPEL
-93.7530311	16.0897665	2010-06-10	TIENDA COPPEL
-110.3381049	24.1051619	2011-11-24	TIENDA COPPEL
-92.1358969	15.6623595	2010-07-08	TIENDA COPPEL
-99.0102334	19.6573646	2010-04-01	ZAPATERIA + COPPEL DIGITAL
-99.1934769	18.6542568	2010-05-06	ZAPATERIA + COPPEL DIGITAL
-96.7610814	17.0733761	2010-06-17	TIENDA COPPEL
-95.8086306	17.8277152	2010-05-01	ZAPATERIA
-97.1130582	18.8663605	2010-07-01	TIENDA COPPEL
-99.1337399	19.4307995	2011-03-24	TIENDA COPPEL
-99.5429599	18.0004538	2010-12-09	TIENDA COPPEL
-104.898454	21.452397	2010-11-01	TIENDA COPPEL
-99.0927016	19.6878216	2010-10-07	TIENDA COPPEL
-99.563179	19.3141203	2010-07-29	TIENDA COPPEL
-99.7350321	19.2957758	2010-08-01	TIENDA COPPEL
-97.4370475	20.5692965	2010-08-19	TIENDA COPPEL
-99.8614082	18.3665665	2011-12-15	TIENDA COPPEL
-99.1794396	18.6174399	2010-07-01	ZAPATERIA + COPPEL DIGITAL
-92.2717821	14.8932985	2010-09-01	TIENDA COPPEL
-102.7843278	20.3410782	2010-09-16	TIENDA COPPEL
-100.7453102	20.9150035	2010-07-22	ZAPATERIA
-99.0474367	19.7958962	2010-09-30	TIENDA COPPEL
-92.1086108	16.2177049	2010-07-22	ZAPATERIA + COPPEL DIGITAL
-96.1341431	18.2376162	2010-09-02	TIENDA COPPEL
-95.8763778	18.1071559	2010-10-01	TIENDA COPPEL
-99.9928954	21.9313518	2010-08-05	ZAPATERIA + COPPEL DIGITAL
-101.8605388	21.0196617	2010-10-14	ZAPATERIA + COPPEL DIGITAL
-99.5986662	19.2512318	2010-11-24	TIENDA COPPEL
-103.3923256	20.7332786	2010-12-01	TIENDA COPPEL
-101.4527792	26.9243837	2013-12-05	TIENDA COPPEL
-105.4193435	25.0468596	2011-08-04	TIENDA COPPEL
-98.2824644	26.0922451	2010-12-01	TIENDA COPPEL
-91.7702224	17.7417317	2010-12-01	TIENDA COPPEL
-99.1432534	23.7318943	2011-08-25	TIENDA COPPEL
-98.924158	19.3106658	2013-09-26	TIENDA COPPEL
-97.9231744	19.3136044	2010-11-18	ZAPATERIA + COPPEL DIGITAL
-116.839427	32.45419	2010-11-25	TIENDA COPPEL
-97.9021201	18.9781427	2010-12-01	TIENDA COPPEL
-99.1502846	19.4326824	2010-12-09	TIENDA COPPEL
-99.1746778	17.6075412	2012-02-02	TIENDA COPPEL
-96.3569931	18.4482698	2011-06-02	TIENDA COPPEL
-101.0015162	25.422631	2011-02-10	TIENDA COPPEL
-96.9616533	19.453911	2010-12-09	TIENDA COPPEL
-99.9845861	21.9274878	2010-11-25	TIENDA COPPEL
-97.6880491	19.4643657	2010-11-25	TIENDA COPPEL
-99.1116359	19.3878236	2013-01-01	TIENDA COPPEL
-98.9605533	19.3709939	2012-08-30	TIENDA COPPEL
-99.0880725	19.3792593	2010-10-14	TIENDA COPPEL
-94.0949767	17.9049708	2011-03-03	TIENDA COPPEL
-94.1423933	18.141044	2011-02-24	TIENDA COPPEL
-99.2337001	19.4587054	2010-11-25	ZAPATERIA + COPPEL DIGITAL
-99.4676987	19.1771623	2011-02-10	TIENDA COPPEL
-99.2236288	19.8308418	2010-11-25	TIENDA COPPEL
-97.1762504	18.8038693	2011-03-17	TIENDA COPPEL
-110.928593	27.9384484	2010-10-28	ZAPATERIA
-100.481578	25.6793239	2010-11-25	TIENDA COPPEL
-94.4866222	18.1420718	2010-11-25	TIENDA ROPA
-97.9339766	22.3955403	2011-02-10	TIENDA COPPEL
-97.2652725	18.3783277	2010-12-09	ZAPATERIA
-96.879753	19.5073585	2010-12-02	ZAPATERIA
-97.927027	17.0251224	2011-04-28	TIENDA COPPEL
-86.8199542	21.1494386	2010-12-16	TIENDA COPPEL
-98.2007089	19.3377587	2011-07-14	TIENDA COPPEL
-96.1703532	18.777075	2011-07-21	TIENDA COPPEL
-96.9368675	18.8951813	2011-05-05	ZAPATERIA
-96.1285292	19.1825452	2011-09-15	TIENDA COPPEL
-95.1001812	16.5536493	2011-10-13	TIENDA COPPEL
-98.9536993	19.3045671	2011-11-30	TIENDA COPPEL
-92.2809874	14.8823267	2011-05-26	ZAPATERIA
-86.9337411	20.5041498	2011-08-25	TIENDA COPPEL
-98.4162818	21.1445023	2011-12-08	TIENDA COPPEL
-99.1751802	18.6158688	2011-09-29	TIENDA COPPEL
-107.4247494	24.7886621	2011-02-24	SUCURSAL BANCARIA
-99.0615146	19.4008317	2012-10-11	TIENDA COPPEL
-98.2208707	19.0976743	2011-06-16	ZAPATERIA
-97.7012507	18.8074893	2011-09-14	TIENDA COPPEL
-96.8548044	19.925588	2011-11-17	TIENDA COPPEL
-98.9418922	18.8424647	2011-12-08	TIENDA COPPEL
-99.0114297	19.2575432	2014-08-28	TIENDA COPPEL
-97.7873644	18.9713256	2011-12-08	TIENDA COPPEL
-99.2389662	19.842484	2011-10-13	TIENDA COPPEL
-99.1415292	19.4327483	2012-11-22	TIENDA COPPEL
-100.3824804	21.0057096	2011-11-24	TIENDA COPPEL
-99.1187323	19.6568341	2011-12-15	TIENDA COPPEL
-101.5991949	19.545661	2011-12-01	TIENDA COPPEL
-100.5504813	19.6872303	2012-11-22	TIENDA COPPEL
-100.6386311	23.6481182	2011-11-10	TIENDA COPPEL
-97.0780814	15.8704761	2012-06-14	TIENDA COPPEL
-108.941534	25.9034129	2017-06-02	ZAPATERIA + COPPEL DIGITAL
-107.5041911	24.7734553	2008-01-01	COPPEL REMATE
-103.3457111	20.6205902	2008-09-12	COPPEL REMATE
-89.579234	20.9844225	2012-02-09	TIENDA COPPEL
-88.2958691	18.5007051	2011-09-15	ZAPATERIA
-103.2887263	20.6795441	2011-11-24	TIENDA COPPEL
-98.7623874	20.0910963	2011-10-27	TIENDA ROPA
-99.1381507	19.4363724	2012-03-15	TIENDA COPPEL
-96.2349399	19.1626443	2011-09-22	ZAPATERIA
-101.6863171	21.128345	2012-02-02	TIENDA COPPEL
-110.2990471	30.9832933	2011-11-17	TIENDA COPPEL
-88.0522013	19.5775937	2012-02-09	TIENDA COPPEL
-98.4331426	19.2801931	2011-10-27	ZAPATERIA
-103.5035825	25.5618176	2012-01-27	COPPEL REMATE
-102.7729796	20.3476657	2011-11-24	ZAPATERIA
-97.4265331	20.5198926	2012-09-28	TIENDA COPPEL
-107.4649783	24.8036773	2011-11-24	TIENDA COPPEL
-98.2785774	26.0341827	2012-02-09	TIENDA COPPEL
-104.3673939	19.7705672	2011-12-01	TIENDA COPPEL
-99.1899848	18.8216554	2012-02-09	TIENDA COPPEL
-99.110631	19.4345474	2011-11-17	ZAPATERIA
-99.1473016	19.4335847	2011-11-24	ZAPATERIA
-88.4791376	19.1817393	2012-03-23	TIENDA COPPEL
-88.1462177	21.1462326	2012-02-09	TIENDA COPPEL
-96.7132304	17.0542297	2013-08-29	TIENDA COPPEL
-101.5242314	19.6644161	2011-12-08	ZAPATERIA
-99.2032978	19.5410667	2019-11-01	TIENDA COPPEL
-95.0246747	17.4318178	2011-12-15	ZAPATERIA
-103.3188783	20.6470275	2011-12-15	TIENDA COPPEL
-103.4491371	20.642319	2011-12-15	ZAPATERIA
-99.0728323	19.5442171	2012-11-22	TIENDA COPPEL
-93.268118	16.2356095	2012-11-29	TIENDA COPPEL
-99.1519484	19.4462073	2011-12-15	TIENDA COPPEL
-99.184343	18.841153	2012-06-09	ZAPATERIA
-96.4250388	19.0484995	2012-03-22	ZAPATERIA
-101.2229229	19.7277159	2012-04-26	TIENDA COPPEL
-99.2173679	19.712291	2012-11-22	TIENDA COPPEL
-98.5176186	19.9666944	2012-11-08	TIENDA MUEBLES
-109.9395851	22.8930409	2011-12-01	ZAPATERIA
-100.3814543	20.5853783	2017-09-22	TIENDA COPPEL
-99.2037473	19.5005503	2012-06-27	TIENDA COPPEL
-98.7871401	19.032619	2012-11-22	TIENDA MUEBLES
-100.1595808	25.9059315	2012-05-03	TIENDA COPPEL
-99.6951857	19.2893098	2016-03-18	TIENDA COPPEL
-98.8671502	19.6850525	2012-08-02	TIENDA COPPEL
-100.6912076	20.5484108	2012-09-27	TIENDA COPPEL
-106.4254068	23.2599938	2012-09-20	TIENDA COPPEL
-96.6864433	18.602481	2013-01-01	TIENDA COPPEL
-95.2322396	16.3315603	2012-11-15	TIENDA COPPEL
-103.3998437	20.6338918	2012-08-30	TIENDA COPPEL
-95.5262982	18.0300657	2013-08-29	TIENDA COPPEL
-92.0911796	16.9123215	2012-08-30	TIENDA COPPEL
-97.8435949	22.2413191	2012-12-06	TIENDA COPPEL
-101.198347	20.5545519	2013-01-01	TIENDA COPPEL
-98.1347086	19.4122211	2012-11-29	TIENDA COPPEL
-97.7402631	21.1702855	2012-09-20	TIENDA MUEBLES
-100.3161126	25.6866142	2012-09-06	TIENDA COPPEL
-100.4403497	19.8901678	2012-11-29	TIENDA COPPEL
-96.5893059	16.3311265	2013-10-24	TIENDA COPPEL
-99.086106	19.321288	2012-11-01	TIENDA COPPEL
-98.8680251	19.514557	2012-10-25	TIENDA COPPEL
-108.3122561	25.7060109	2012-09-29	TIENDA COPPEL
-90.5343219	19.8254244	2012-12-06	TIENDA COPPEL
-100.439955	20.5404519	2012-08-16	ZAPATERIA
-105.2190694	20.6462133	2012-07-05	ZAPATERIA
-96.7237488	18.9725252	2013-01-01	TIENDA COPPEL
-97.4481752	18.9888221	2013-05-23	TIENDA COPPEL
-101.6640771	21.1758747	2012-11-15	TIENDA COPPEL
-99.0492111	19.4886493	2012-11-29	TIENDA MUEBLES
-97.5057737	25.8797581	2012-10-25	TIENDA COPPEL
-100.2160969	25.7243202	2012-10-05	TIENDA COPPEL
-100.746031	20.910996	2014-10-06	TIENDA COPPEL
-102.3228845	22.2310407	2012-12-06	TIENDA COPPEL
-95.711556	18.0734222	2012-11-15	ZAPATERIA
-99.1470857	23.731635	2013-05-09	ZAPATERIA + COPPEL DIGITAL
-93.014388	16.711562	2012-09-27	ZAPATERIA
-101.1791431	19.6846182	2012-11-29	TIENDA ROPA
-94.7128852	17.9630024	2012-11-29	TIENDA MUEBLES
-96.3023036	17.7745165	2013-01-01	TIENDA MUEBLES
-100.7597372	20.7197662	2013-07-18	TIENDA COPPEL
-90.7289358	18.6152307	2012-11-29	TIENDA COPPEL
-111.1205052	30.5439306	2012-12-13	ZAPATERIA
-99.1267	19.4643906	2014-02-07	ZAPATERIA
-100.5865587	25.7961431	2012-11-29	TIENDA COPPEL
-100.9759315	29.3276406	2012-12-06	ZAPATERIA
-111.0216731	29.1144059	2012-12-06	TIENDA COPPEL
-97.2262002	17.4636185	2013-01-01	TIENDA COPPEL
-101.6948379	21.1031537	2012-11-29	ZAPATERIA
-111.4792443	28.8394158	2013-02-14	TIENDA COPPEL
-95.108794	18.4215965	2012-12-13	TIENDA COPPEL
-97.6568116	18.6832696	2012-11-22	ZAPATERIA
-95.9864296	18.7253172	2012-11-29	TIENDA COPPEL
-100.9954008	20.6446206	2012-11-29	TIENDA COPPEL
-103.3165991	20.6496794	2012-11-29	TIENDA COPPEL
-103.4767471	20.8096382	2013-12-19	ZAPATERIA
-103.38514	20.58492	2013-04-01	TIENDA COPPEL
-100.6756678	18.3615	2013-01-01	TIENDA COPPEL
-101.6777799	21.120669	2013-05-31	TIENDA COPPEL
-99.2550003	19.4611149	2013-12-19	TIENDA COPPEL
-98.7871624	21.2552023	2013-03-21	TIENDA COPPEL
-99.1374813	19.7171183	2012-11-29	ZAPATERIA
-95.8797311	18.110595	2012-12-06	ZAPATERIA
-103.4219301	20.7305787	2014-11-27	ZAPATERIA
-99.2337676	19.3077964	2012-11-22	ZAPATERIA
-97.0533457	20.0639759	2014-03-20	TIENDA COPPEL
-89.663987	21.2826789	2012-12-06	ZAPATERIA
-110.9667353	29.0616013	2013-05-30	TIENDA COPPEL
-99.2333788	19.5425806	2015-12-18	ZAPATERIA
-102.8452564	19.1899326	2013-01-01	ZAPATERIA
-102.5259023	20.5456439	2013-07-11	TIENDA COPPEL
-103.3877922	20.5269351	2012-12-06	ZAPATERIA
-100.3133067	25.6780368	2013-12-19	ZAPATERIA
-104.2141899	19.8057186	2012-12-13	ZAPATERIA
-98.9330356	19.4121482	2012-12-06	ZAPATERIA
-97.687598	21.3506061	2013-07-18	TIENDA COPPEL
-105.2468186	21.0386007	2013-04-04	ZAPATERIA
-103.397	20.7238665	2013-11-07	TIENDA COPPEL
-99.6427917	18.9630297	2014-11-28	TIENDA COPPEL
-96.4797911	16.9605355	2013-05-23	ZAPATERIA
-98.2774985	19.1066112	2013-06-13	TIENDA COPPEL
-95.0353709	16.8810061	2013-09-05	TIENDA COPPEL
-99.2956279	19.628378	2013-04-04	TIENDA COPPEL
-97.6831519	17.2590407	2013-10-31	TIENDA COPPEL
-99.6655106	19.246844	2014-11-06	ZAPATERIA
-103.3930359	20.7235902	2014-06-19	TIENDA COPPEL
-97.0471556	19.0683148	2013-11-28	TIENDA COPPEL
-99.058028	19.2915464	2013-12-19	ZAPATERIA
-96.9188369	19.5670814	2013-08-22	TIENDA COPPEL
-96.7308659	17.0278439	2013-11-21	TIENDA COPPEL
-98.9781968	19.4097977	2013-11-07	TIENDA COPPEL
-103.1783604	20.5196204	2013-06-20	ZAPATERIA
-102.4042186	21.0290791	2013-06-06	ZAPATERIA + COPPEL DIGITAL
-98.054428	16.3395749	2013-12-19	TIENDA COPPEL
-104.8945887	21.5041651	2013-06-06	ZAPATERIA
-99.2181038	19.4846011	2013-05-09	ZAPATERIA
-103.2576344	20.6728468	2015-11-26	TIENDA COPPEL
-103.3363205	20.5710241	2013-12-19	TIENDA COPPEL
-96.2239779	19.2145105	2013-12-05	TIENDA COPPEL
-100.0137517	25.2785583	2013-12-19	TIENDA COPPEL
-99.0972165	19.5239449	2013-12-12	TIENDA COPPEL
-99.3230996	18.6223234	2014-11-28	TIENDA COPPEL
-96.1510886	19.1792518	2013-12-12	TIENDA COPPEL
-96.1530078	19.0989264	2013-11-28	TIENDA COPPEL
-100.0018359	19.4335181	2013-12-12	ZAPATERIA
-100.434831	17.2071441	2014-03-13	TIENDA COPPEL
-109.9597551	22.903679	2018-09-14	TIENDA COPPEL
-98.175543	19.1190667	2014-09-11	TIENDA COPPEL
-98.1408328	19.0382922	2013-12-19	ZAPATERIA
-97.9604238	20.2684703	2014-12-18	TIENDA COPPEL
-99.1373973	19.4336335	2014-07-31	TIENDA COPPEL
-95.9859016	18.7270157	2013-12-19	ZAPATERIA
-98.4064042	16.688583	2013-12-19	TIENDA COPPEL
-101.7164683	21.1340094	2014-12-11	TIENDA COPPEL
-102.9111772	20.7819452	2014-05-01	ZAPATERIA
-98.319153	26.0743194	2013-12-19	TIENDA COPPEL
-99.1501165	19.4224024	2013-12-19	TIENDA COPPEL
-100.5524076	28.6913712	2013-12-19	TIENDA COPPEL
-96.3509241	18.4469038	2014-10-23	TIENDA COPPEL
-96.9232471	19.5272595	2014-02-20	ZAPATERIA
-86.8780433	21.1628819	2014-08-07	TIENDA COPPEL
-106.3896243	23.230253	2013-12-19	TIENDA COPPEL
-96.7323204	16.5647917	2016-08-18	ZAPATERIA + COPPEL DIGITAL
-98.4054872	19.1637944	2014-08-28	TIENDA COPPEL
-104.9156128	27.1309519	2014-11-13	TIENDA COPPEL
-103.7564165	19.943937	2015-03-24	ZAPATERIA
-101.2323641	19.7137968	2014-04-17	TIENDA COPPEL
-99.3853476	20.7398519	2014-04-10	ZAPATERIA
-97.00992	19.4222129	2014-09-25	ZAPATERIA
-99.1399726	19.4342541	2014-06-19	ZAPATERIA
-100.1809396	26.5090152	2014-07-03	TIENDA COPPEL
-96.0480541	16.6344617	2014-06-26	ZAPATERIA
-99.8198606	25.1910414	2014-06-19	TIENDA COPPEL
-102.3452283	21.9599339	2014-10-30	TIENDA COPPEL
-99.1486259	23.7362472	2014-12-12	TIENDA COPPEL
-103.9282316	20.4346497	2014-09-25	ZAPATERIA
-103.6405343	23.6323532	2014-11-27	TIENDA COPPEL
-90.7263766	19.3375723	2014-12-18	TIENDA COPPEL
-102.9812462	21.6316318	2014-06-26	ZAPATERIA
-100.8298548	19.8595315	2014-12-11	TIENDA COPPEL
-98.149126	19.4164484	2014-11-27	TIENDA COPPEL
-94.7149221	17.9580632	2014-07-03	ZAPATERIA
-103.4321101	25.5580104	2014-08-14	COPPEL REMATE
-96.9622936	18.8995404	2014-11-27	TIENDA COPPEL
-103.3486213	20.7459284	2014-11-27	ZAPATERIA
-98.9494017	19.3255258	2015-12-17	TIENDA COPPEL
-103.428939	20.612374	2015-04-09	TIENDA COPPEL
-105.1650522	27.6791632	2014-10-09	TIENDA COPPEL
-104.2696786	19.9608627	2014-12-18	ZAPATERIA + COPPEL DIGITAL
-101.1237588	27.8523588	2014-12-18	TIENDA COPPEL
-108.8213277	25.7557897	2014-09-11	ZAPATERIA + COPPEL DIGITAL
-102.7106394	21.8472819	2014-11-27	TIENDA COPPEL
-103.3507872	20.6866131	2015-10-16	TIENDA COPPEL
-103.2772333	20.6596729	2015-04-09	TIENDA COPPEL
-103.8333263	20.8874535	2014-11-27	TIENDA COPPEL
-97.5252954	20.0198881	2015-10-30	TIENDA COPPEL
-94.1043918	17.8933834	2014-12-11	ZAPATERIA + COPPEL DIGITAL
-99.2983643	19.3564629	2014-07-01	ZAPATERIA
-100.3589125	19.4372452	2014-12-18	ZAPATERIA
-105.2324626	20.6128148	2014-10-30	ZAPATERIA + COPPEL DIGITAL
-98.4232372	21.1374968	2014-11-06	ZAPATERIA
-96.6071828	18.5387014	2014-12-18	TIENDA COPPEL
-98.220671	18.990151	2015-08-07	COPPEL REMATE
-105.1454623	21.9502601	2014-11-06	ZAPATERIA + COPPEL DIGITAL
-101.7093229	19.2075986	2015-04-17	ZAPATERIA
-98.3769523	22.2123571	2015-07-10	TIENDA COPPEL
-99.8962279	20.6713387	2015-04-23	TIENDA COPPEL
-99.4660272	19.7290234	2017-12-15	TIENDA COPPEL
-96.693955	17.0654451	2014-10-16	TIENDA COPPEL
-101.0032667	22.1650534	2014-11-28	TIENDA COPPEL
-99.1967304	18.9201315	2016-03-18	TIENDA COPPEL
-103.7075381	20.6493589	2014-11-27	TIENDA COPPEL
-95.3012127	18.4630945	2015-05-22	TIENDA COPPEL
-97.470509	20.5351823	2015-11-06	TIENDA COPPEL
-93.1467562	17.8646304	2015-10-16	TIENDA COPPEL
-103.35302	20.7226923	2015-04-09	ZAPATERIA + COPPEL DIGITAL
-105.4518752	28.1929134	2014-12-11	TIENDA COPPEL
-103.0212924	19.9165757	2019-07-15	TIENDA COPPEL
-96.9765185	18.9118925	2014-12-18	ZAPATERIA + COPPEL DIGITAL
-97.7761171	17.8057902	2016-10-06	ZAPATERIA
-98.3348543	19.0338478	2015-07-17	TIENDA COPPEL
-99.0944787	19.5019092	2015-12-11	TIENDA COPPEL
-104.6383777	19.4873902	2015-10-29	ZAPATERIA + COPPEL DIGITAL
-98.2469354	18.9872972	2014-12-04	ZAPATERIA
-96.4079947	19.4468925	2015-02-10	ZAPATERIA
-98.3413206	20.0589084	2015-12-11	TIENDA COPPEL
-100.2863071	25.7435077	2014-12-18	TIENDA COPPEL
-104.8325317	21.4887257	2014-11-27	TIENDA COPPEL
-104.414082	29.5321895	2014-12-11	TIENDA COPPEL
-99.2386293	19.6160964	2015-12-11	TIENDA COPPEL
-99.2000975	19.5046653	2014-10-16	ZAPATERIA
-99.2399229	19.3818764	2014-10-09	TIENDA COPPEL
-74.297333	4.570868	2014-12-11	TIENDA COPPEL
-98.9116473	19.2798134	2014-12-18	TIENDA COPPEL
-99.0582409	19.4109614	2015-03-27	TIENDA COPPEL
-99.0365087	19.279744	2014-10-30	ZAPATERIA
-87.0786548	20.6286663	2014-11-06	ZAPATERIA
-100.1858743	25.776468	2014-12-18	TIENDA COPPEL
-106.4209627	23.266874	2014-12-18	TIENDA COPPEL
-103.9738648	20.704382	2014-12-11	TIENDA COPPEL
-89.4165582	20.3035944	2014-12-18	TIENDA COPPEL
-96.8640516	19.5054648	2015-10-29	TIENDA COPPEL
-100.3126568	25.7832203	2014-12-18	TIENDA COPPEL
-109.8462647	27.1297797	2014-12-11	TIENDA COPPEL
-99.07092	19.3842	2014-12-06	TIENDA COPPEL
-101.5166598	20.0921735	2015-10-30	TIENDA COPPEL
-99.027693	19.5348037	2015-01-15	ZAPATERIA
-99.1449792	19.4349208	2016-12-16	TIENDA COPPEL
-102.218471	17.9781382	2015-12-17	ZAPATERIA
-100.4045852	20.645482	2016-12-17	TIENDA COPPEL
-94.4452233	18.1495289	2014-12-11	TIENDA COPPEL
-94.8961574	17.9302621	2014-12-18	TIENDA COPPEL
-101.9512985	20.7302675	2015-04-23	ZAPATERIA
-96.8667578	20.1869372	2015-05-01	ZAPATERIA + COPPEL DIGITAL
-97.8037276	19.2294593	2015-05-01	ZAPATERIA + COPPEL DIGITAL
-99.1868984	19.4838093	2017-12-08	TIENDA COPPEL
-96.1415644	15.7719389	2015-08-27	ZAPATERIA
-100.9456995	22.1838878	2015-04-09	TIENDA COPPEL
-102.4708124	19.6013204	2017-02-02	TIENDA COPPEL
-99.1489839	19.6793396	2015-11-13	ZAPATERIA + COPPEL DIGITAL
-103.0346596	23.8277152	2015-11-26	TIENDA COPPEL
-116.8557679	32.5166046	2016-09-23	ZAPATERIA
-99.5145127	27.4436886	2015-10-09	ZAPATERIA + COPPEL DIGITAL
-102.2724466	21.8780598	2015-09-03	TIENDA COPPEL
-96.8002704	18.8292825	2015-12-04	ZAPATERIA
-91.535974	17.7985777	2015-12-17	ZAPATERIA
-100.0824432	17.0077222	2016-04-01	TIENDA COPPEL
-93.2122536	15.6851709	2015-12-17	TIENDA COPPEL
-98.9775587	19.3559387	2015-09-04	COPPEL REMATE
-99.2172699	19.4540208	2015-12-18	COPPEL DIGITAL
-110.946888	31.32013	2015-10-09	ZAPATERIA
-98.027877	19.8376659	2016-04-22	TIENDA COPPEL
-97.3234079	20.448389	2015-12-17	ZAPATERIA
-98.603645	18.3001259	2015-12-11	TIENDA COPPEL
-107.4026937	24.755307	2015-10-02	TIENDA COPPEL
-95.0248462	16.4378182	2019-11-29	TIENDA COPPEL
-96.1420947	18.0809028	2016-02-18	TIENDA COPPEL
-96.7239787	18.8128371	2016-05-05	TIENDA COPPEL
-89.5361992	20.3965494	2015-12-17	TIENDA COPPEL
-101.593671	21.8659952	2015-09-15	ZAPATERIA
-101.0026803	25.4210017	2017-12-01	ZAPATERIA
-98.2635405	19.1451926	2015-12-11	ZAPATERIA + COPPEL DIGITAL
-105.2316006	20.7626603	2015-10-08	ZAPATERIA
-98.1904806	19.0660518	2015-11-27	ZAPATERIA
-110.9606731	29.1256924	2016-01-28	TIENDA COPPEL
-97.9177121	18.9645036	2016-02-11	ZAPATERIA + COPPEL DIGITAL
-99.2084286	19.6480767	2015-11-20	ZAPATERIA
-99.1885275	19.478782	2015-12-04	TIENDA COPPEL
-104.6582675	24.0428723	2015-11-05	TIENDA COPPEL
-89.74269	20.8849025	2015-12-21	TIENDA COPPEL
-100.9612087	25.3937427	2015-12-17	TIENDA COPPEL
-99.9917972	25.5905642	2015-12-18	ZAPATERIA + COPPEL DIGITAL
-103.9651609	18.9380432	2015-12-17	ZAPATERIA + COPPEL DIGITAL
-102.0954286	19.0357366	2016-02-04	TIENDA COPPEL
-106.1226744	28.7057857	2015-12-17	TIENDA COPPEL
-101.1321759	19.779684	2015-12-17	TIENDA COPPEL
-97.1248172	18.8355766	2016-04-08	TIENDA MUEBLES
-97.8534129	22.2953782	2015-12-10	ZAPATERIA
-97.8506494	22.2503305	2015-12-10	ZAPATERIA
-97.6466734	19.1448529	2016-04-22	ZAPATERIA + COPPEL DIGITAL
-100.2363011	25.7861571	2016-12-09	ZAPATERIA + COPPEL DIGITAL
-98.0110677	17.3338566	2016-04-01	TIENDA COPPEL
-98.0531327	18.2101613	2016-03-18	TIENDA COPPEL
-95.8142433	17.8301659	2016-10-13	TIENDA COPPEL
-98.2500125	18.9786824	2016-12-16	TIENDA COPPEL
-96.7881333	16.8698292	2016-10-19	ZAPATERIA + COPPEL DIGITAL
-103.2734694	25.7761026	2016-01-02	TIENDA COPPEL
-97.0854788	20.449593	2016-04-28	TIENDA COPPEL
-99.7604953	19.3710877	2017-12-08	ZAPATERIA
-99.1597557	19.4688517	2015-12-18	TIENDA MUEBLES
-101.3474427	20.6514202	2016-01-28	TIENDA COPPEL
-103.7397057	19.2632443	2015-12-17	ZAPATERIA
-102.0534234	19.3939637	2016-10-07	TIENDA COPPEL
-93.1206664	17.5143754	2016-09-12	TIENDA COPPEL
-100.510531	20.1605331	2016-10-28	TIENDA COPPEL
-105.2800295	21.5439792	2016-12-23	TIENDA COPPEL
-103.4647336	20.5516443	2016-09-23	TIENDA COPPEL
-99.2077365	19.7752174	2017-10-20	ZAPATERIA
-102.703458	22.9499592	2015-12-17	ZAPATERIA
-95.1908541	16.170921	2016-12-09	TIENDA COPPEL
-103.9803931	20.9071868	2016-04-15	ZAPATERIA
-99.1535478	19.4328959	2016-08-11	ZAPATERIA + COPPEL DIGITAL
-110.9445922	31.3000644	2015-12-23	ZAPATERIA
-99.1489664	19.4319583	2020-12-23	TIENDA ROPA
-115.5055877	32.6532363	2016-04-30	ZAPATERIA + COPPEL DIGITAL
-100.3484518	25.7130378	2015-12-17	TIENDA COPPEL
-106.0666413	23.2860855	2016-04-14	ZAPATERIA
-106.9668369	24.9696606	2016-04-14	ZAPATERIA
-106.451699	23.2437452	2016-04-22	ZAPATERIA
-100.1458602	20.4999283	2016-04-08	ZAPATERIA + COPPEL DIGITAL
-101.2301839	20.5840001	2015-12-18	TIENDA COPPEL
-99.1540698	19.4244706	2016-04-08	ZAPATERIA
-96.7310825	17.0562265	2016-09-02	TIENDA MUEBLES
-99.5389568	18.340093	2016-07-15	TIENDA COPPEL
-108.9856744	25.7772559	2016-05-26	ZAPATERIA + COPPEL DIGITAL
-105.2140036	20.7198878	2016-09-02	TIENDA COPPEL
-99.0194807	19.3759414	2016-12-30	TIENDA COPPEL
-109.7120994	23.1200081	2016-06-30	ZAPATERIA
-114.0427316	27.9758566	2016-06-23	ZAPATERIA + COPPEL DIGITAL
-94.4093099	18.0702785	2017-03-30	TIENDA COPPEL
-103.3963357	20.5976627	2016-03-05	C- DIGITAL
-100.163384	25.7249534	2016-03-18	C- DIGITAL
-106.6907718	24.4119581	2016-08-25	ZAPATERIA
-107.3661337	24.8013667	2016-11-10	ZAPATERIA
-92.2449601	14.9019011	2016-05-20	ZAPATERIA
-101.2725065	17.5370637	2017-05-05	TIENDA MUEBLES
-112.8555933	31.8643365	2016-08-18	TIENDA COPPEL
-98.9514141	19.4247805	2017-09-22	TIENDA COPPEL
-96.958808	19.4535157	2017-05-26	ZAPATERIA + COPPEL DIGITAL
-95.2109861	16.2332596	2016-12-16	ZAPATERIA
-102.2767737	22.1493517	2016-11-17	ZAPATERIA
-100.4295477	25.6702382	2016-07-15	ZAPATERIA + COPPEL DIGITAL
-103.34329	20.75637	2017-12-15	TIENDA COPPEL
-101.52742	20.4619182	2016-12-23	TIENDA COPPEL
-99.55315	27.3856156	2016-11-17	TIENDA COPPEL
-99.1525925	19.4874244	2016-05-30	TIENDA COPPEL
-100.4259007	20.6672932	2016-06-17	TIENDA COPPEL
-100.4785132	20.6471273	2016-10-14	TIENDA COPPEL
-59.1041758	-32.5175643	2016-10-20	ZAPATERIA + COPPEL DIGITAL
-99.2125354	19.579813	2017-10-06	TIENDA ROPA
-103.4211818	20.530694	2016-12-24	TIENDA COPPEL
-100.1617147	25.7301204	2016-08-26	COPPEL DIGITAL
-98.2148944	19.0174498	2016-12-09	TIENDA ROPA
-99.1593727	19.3776042	2016-10-28	TIENDA MUEBLES
-103.2476873	20.6208279	2016-11-25	TIENDA COPPEL
-104.0446971	20.5490923	2016-11-24	ZAPATERIA
-103.7643995	19.7470859	2016-11-24	ZAPATERIA
-116.9633053	32.4252273	2016-09-23	ZAPATERIA + COPPEL DIGITAL
-107.5068443	24.7727943	2016-12-01	ZAPATERIA
-105.2824663	20.7313645	2016-12-23	TIENDA COPPEL
-100.3154645	25.6825207	2016-12-15	TIENDA COPPEL
-99.8243699	16.9023792	2016-10-21	ZAPATERIA
-100.2643964	25.9048033	2016-11-18	TIENDA COPPEL
-102.9811762	22.6439913	2016-12-15	TIENDA COPPEL
-98.879231	19.100712	2017-09-04	TIENDA MUEBLES
-105.4199306	25.0486101	2016-11-11	TIENDA COPPEL
-99.0253949	19.6757679	2016-12-08	TIENDA COPPEL
-97.4685644	20.4972381	2018-09-28	TIENDA COPPEL
-97.3847378	20.9480193	2018-04-26	TIENDA COPPEL
-99.0058548	19.3755698	2017-07-07	ZAPATERIA
-96.929138	19.5482824	2017-07-28	TIENDA COPPEL
-108.225578	25.821311	2016-11-29	TIENDA ROPA
-110.3044448	24.0542358	2016-10-27	ZAPATERIA + COPPEL DIGITAL
-102.9833489	25.7564291	2016-12-09	ZAPATERIA
-99.096452	16.9633913	2017-09-01	TIENDA COPPEL
-96.201889	19.2105782	2016-12-15	TIENDA COPPEL
-100.5865587	25.7961431	2016-11-10	ZAPATERIA + COPPEL DIGITAL
-99.12745	19.4229	2016-11-18	TIENDA COPPEL
-96.9674748	18.8166084	2017-07-20	ZAPATERIA + COPPEL DIGITAL
-99.1303518	19.4820475	2017-03-01	TIENDA ROPA
-90.050731	20.3713306	2016-12-16	TIENDA COPPEL
-99.146999	19.431252	2017-12-16	ZAPATERIA
-109.779584	22.974607	2016-12-20	TIENDA COPPEL
-99.635527	22.0004039	2016-12-22	TIENDA COPPEL
-103.2867195	20.7017705	2017-06-02	TIENDA COPPEL
-103.4512347	20.7784615	2016-12-23	TIENDA COPPEL
-108.9778956	25.8187417	2016-09-01	TIENDA COPPEL
-100.8729796	21.4679111	2016-12-22	ZAPATERIA
-82.6861446	22.9221592	2018-12-08	TIENDA COPPEL
-115.514016	32.6295937	2016-08-18	C- DIGITAL
-116.9411948	32.3734841	2016-11-18	TIENDA COPPEL
-99.067035	18.8846148	2017-12-15	TIENDA COPPEL
-97.9293247	18.5783768	2017-06-16	ZAPATERIA + COPPEL DIGITAL
-95.018361	16.4383527	2017-03-16	ZAPATERIA + COPPEL DIGITAL
-96.9757738	19.385205	2017-05-20	ZAPATERIA + COPPEL DIGITAL
-99.1836095	19.3835875	2015-03-23	TIENDA COPPEL
-99.0717415	19.3157127	2015-03-23	TIENDA COPPEL
-99.1294057	19.4534185	2015-03-23	TIENDA COPPEL
-99.0803064	19.4114485	2015-03-23	TIENDA COPPEL
-99.8921363	16.8660487	2015-03-23	TIENDA COPPEL
-99.2337001	19.4587054	2015-03-23	TIENDA COPPEL
-99.6278249	19.2886153	2015-03-23	TIENDA COPPEL
-99.1900699	19.3424138	2015-03-23	TIENDA COPPEL
-99.1784581	19.3038102	2015-03-23	TIENDA COPPEL
-99.2470253	19.4958151	2015-03-23	TIENDA COPPEL
-99.056416	19.42024	2015-03-23	TIENDA COPPEL
-99.2058259	18.9216745	2015-03-23	TIENDA COPPEL
-99.0908143	19.3814174	2015-03-16	TIENDA COPPEL
-99.6125741	20.0745808	2015-03-16	TIENDA COPPEL
-99.2303814	19.3840018	2015-03-16	TIENDA COPPEL
-98.2423628	19.0386013	2015-03-16	TIENDA COPPEL
-98.2128667	19.065225	2015-04-20	TIENDA COPPEL
-98.9825083	19.3554896	2015-03-16	TIENDA COPPEL
-98.9491308	18.8219116	2015-03-16	TIENDA COPPEL
-99.1080486	19.2998487	2015-03-16	TIENDA COPPEL
-99.0901322	19.6465076	2015-03-16	TIENDA COPPEL
-99.1757592	19.4687908	2015-03-16	TIENDA COPPEL
-99.0264879	19.5313176	2015-03-16	TIENDA COPPEL
-98.3852099	20.0760854	2015-03-16	TIENDA COPPEL
-100.8139108	20.5206784	2015-03-23	ZAPATERIA + COPPEL DIGITAL
-99.2099226	19.5392755	2015-03-16	TIENDA COPPEL
-98.8957005	19.2592743	2015-03-16	TIENDA COPPEL
-98.7589454	20.092753	2015-03-16	TIENDA COPPEL
-99.2655129	19.5661505	2015-03-23	TIENDA COPPEL
-99.2111674	19.6751768	2015-03-16	TIENDA COPPEL
-98.7435528	20.1159458	2015-03-16	TIENDA MUEBLES
-99.2454637	19.4814185	2018-12-15	TIENDA COPPEL
-99.2329642	19.4655099	2015-03-16	TIENDA MUEBLES
-99.187503	19.4021754	2015-03-16	TIENDA COPPEL
-99.0474801	19.5572513	2015-03-16	TIENDA COPPEL
-99.1503822	19.5058299	2015-03-16	TIENDA COPPEL
-99.1421641	19.3064775	2015-03-16	TIENDA COPPEL
-99.1062909	19.3521248	2015-03-16	TIENDA COPPEL
-101.6841526	21.1244134	2015-12-17	TIENDA COPPEL
-100.0122116	20.3953234	2015-12-18	TIENDA COPPEL
-99.6062136	18.5460192	2016-12-30	TIENDA COPPEL
-106.1186047	28.7218441	2016-12-15	ZAPATERIA
-98.2706616	18.3242524	2019-05-07	ZAPATERIA
-98.759798	19.70022	2017-12-09	TIENDA COPPEL
-89.5689115	20.9399108	2017-07-14	TIENDA COPPEL
-99.2496811	19.5001984	2017-05-07	ZAPATERIA
-98.1017744	25.9864211	2016-12-02	ZAPATERIA + COPPEL DIGITAL
-103.309309	19.4705314	2017-06-09	ZAPATERIA
-110.9396897	29.0350221	2017-01-13	ZAPATERIA
-100.2713489	25.6662031	2017-02-17	ZAPATERIA + COPPEL DIGITAL
-98.9027504	19.2832969	2017-12-15	ZAPATERIA
-109.9326365	22.9035213	2016-12-17	C- DIGITAL
-107.3920755	24.8420982	2017-03-24	ZAPATERIA
-100.6311201	17.2086756	2017-11-03	TIENDA COPPEL
-89.6256777	20.9972185	2016-12-17	C- DIGITAL
-97.4564439	19.8379586	2017-10-27	ZAPATERIA + COPPEL DIGITAL
-98.1928687	19.0573824	2018-06-29	ZAPATERIA
-97.4198212	19.1147988	2017-08-04	ZAPATERIA
-98.8716092	21.4369382	2017-10-21	ZAPATERIA
-98.8715369	19.3054214	2017-09-15	TIENDA COPPEL
-96.7365803	17.0694459	2017-12-23	TIENDA COPPEL
-99.1892895	19.402363	2018-04-14	TIENDA COPPEL
-109.6774081	29.8089249	2017-10-19	ZAPATERIA
-100.4343007	25.6844042	2017-04-28	ZAPATERIA
-106.4953453	31.7348095	2017-11-24	TIENDA COPPEL
-109.0210482	25.7948749	2017-06-08	ZAPATERIA + COPPEL DIGITAL
-98.9843669	19.7714074	2017-10-07	ZAPATERIA + COPPEL DIGITAL
-96.8699481	19.6548167	2017-11-17	TIENDA MUEBLES
-98.9999509	19.6160213	2016-12-16	C- DIGITAL
-100.4106814	25.751999	2016-12-15	C- DIGITAL
-101.0139119	25.3773971	2017-11-03	TIENDA COPPEL
-102.2764317	20.0278031	2017-09-29	ZAPATERIA
-98.4685321	18.906213	2017-10-13	ZAPATERIA
-97.0855963	15.8817272	2018-03-16	TIENDA ROPA
-96.1346231	19.1554057	2017-11-03	TIENDA COPPEL
-98.5205672	19.9666455	2017-09-01	ZAPATERIA + COPPEL DIGITAL
-98.9921748	21.3841719	2018-11-09	TIENDA COPPEL
-96.103265	19.101921	2017-08-18	ZAPATERIA
-91.4240188	17.4728826	2018-04-26	TIENDA COPPEL
-107.5500348	25.3619576	2017-08-18	TIENDA COPPEL
-96.935674	18.8937324	2017-09-01	TIENDA ROPA
-101.0097961	22.1885701	2017-12-01	TIENDA COPPEL
-99.1846077	18.8311414	2018-04-20	ZAPATERIA
-88.2929171	18.5258306	2017-08-18	TIENDA COPPEL
-99.8093899	16.8613089	2018-05-22	TIENDA COPPEL
-99.2930256	19.3605842	2017-09-08	TIENDA ROPA
-101.609867	21.1107519	2017-11-03	TIENDA COPPEL
-109.949758	27.4649599	2017-11-01	TIENDA COPPEL
-100.3600483	25.7225104	2017-09-08	TIENDA COPPEL
-99.2006156	18.9269941	2017-09-12	TIENDA COPPEL
-92.9413813	17.9785712	2017-12-01	TIENDA COPPEL
-107.6562318	24.8161737	2017-09-08	ZAPATERIA
-96.7255881	17.0505404	2017-12-27	TIENDA COPPEL
-96.5943562	16.3317796	2018-07-13	ZAPATERIA + COPPEL DIGITAL
-95.0312498	16.8772636	2017-12-07	ZAPATERIA + COPPEL DIGITAL
-99.1844061	19.5513979	2017-08-25	ZAPATERIA
-104.3724953	21.0343249	2017-08-18	ZAPATERIA
-98.9896286	19.6883036	2017-12-02	TIENDA COPPEL
-96.3754431	19.3690246	2017-12-15	ZAPATERIA
-99.0943539	19.3213273	2017-08-25	ZAPATERIA + COPPEL DIGITAL
-96.9658425	19.1521123	2017-12-08	ZAPATERIA
-96.1148016	19.1449508	2018-04-27	TIENDA COPPEL
-97.1066302	18.8449143	2017-12-15	TIENDA COPPEL
-95.7988516	18.3662454	2017-12-15	TIENDA COPPEL
-98.4337162	19.2834686	2017-12-14	TIENDA COPPEL
-117.0581024	32.5107913	2017-08-10	ZAPATERIA + COPPEL DIGITAL
-107.5398647	24.656839	2017-11-10	TIENDA COPPEL
-90.5363852	19.8437955	2019-12-13	TIENDA COPPEL
-99.149054	23.7304421	2020-02-06	TIENDA COPPEL
-105.1357357	21.1828756	2017-11-10	ZAPATERIA
-103.3252093	20.6232331	2017-12-02	TIENDA COPPEL
-103.2819	20.64478	2017-10-05	ZAPATERIA
-103.0432624	20.1599525	2017-12-11	ZAPATERIA
-96.935674	18.8937324	2017-12-08	TIENDA ROPA
-106.4104441	31.6361969	2017-11-16	TIENDA COPPEL
-100.9374349	22.1877138	2018-03-26	ZAPATERIA
-98.2394355	19.3058774	2017-12-15	TIENDA COPPEL
-99.2368006	18.9549556	2017-11-13	TIENDA MUEBLES
-106.4834043	31.7021932	2017-12-07	TIENDA COPPEL
-98.3103625	19.0629895	2018-05-24	TIENDA COPPEL
-100.144104	25.9170969	2017-09-08	ZAPATERIA
-99.1554119	23.7196202	2017-08-25	ZAPATERIA + COPPEL DIGITAL
-107.0740245	26.8291606	2017-12-14	TIENDA COPPEL
-105.9110316	28.8355535	2017-11-09	ZAPATERIA + COPPEL DIGITAL
-95.4306346	17.4501783	2018-02-17	ZAPATERIA
-97.962277	19.9329763	2018-05-11	ZAPATERIA
-103.3265228	20.5405537	2017-12-09	TIENDA COPPEL
-96.954902	20.1327281	2017-12-15	ZAPATERIA + COPPEL DIGITAL
-96.2279728	19.1672272	2017-12-15	TIENDA COPPEL
-106.55823	31.7754914	2017-10-25	ZAPATERIA + COPPEL DIGITAL
-109.9326365	22.9035213	2017-11-02	ZAPATERIA + COPPEL DIGITAL
-103.4047827	25.6041538	2017-09-22	ZAPATERIA
-98.9311436	19.4244467	2021-12-22	TIENDA COPPEL
-105.3660571	22.4889037	2017-11-30	TIENDA COPPEL
-99.1393344	19.4495388	2018-02-01	TIENDA ROPA
-103.8223134	20.3661059	2017-12-22	TIENDA COPPEL
-99.1300554	19.4180147	2017-11-17	TIENDA COPPEL
-99.2271408	19.5243654	2017-12-23	TIENDA COPPEL
-108.3246223	26.7101404	2017-12-01	ZAPATERIA + COPPEL DIGITAL
-111.6753339	25.0414989	2017-12-01	TIENDA COPPEL
-115.4363111	32.5853702	2017-12-15	TIENDA COPPEL
-116.5963713	31.8667427	2017-12-02	ZAPATERIA + COPPEL DIGITAL
-107.99763	31.0902521	2017-12-14	TIENDA COPPEL
-106.3372274	31.6133946	2017-12-14	TIENDA COPPEL
-92.1345902	16.2525576	2017-12-15	ZAPATERIA
-100.983129	25.4435343	2017-12-01	TIENDA COPPEL
-99.020703	19.5827239	2017-12-08	TIENDA COPPEL
-97.530127	25.8587478	2017-12-15	ZAPATERIA + COPPEL DIGITAL
-100.3018653	25.7679321	2017-12-22	ZAPATERIA
-104.6670203	24.0251103	2017-10-19	ZAPATERIA
-97.0923748	18.8489172	2018-02-26	ZAPATERIA
-92.898957	15.4356911	2018-08-24	TIENDA COPPEL
-99.2708205	20.1908834	2018-12-14	TIENDA COPPEL
-86.8778199	21.1761136	2017-12-15	ZAPATERIA
-100.2193313	25.7198088	2017-11-30	TIENDA ROPA
-99.1708451	19.4013514	2019-03-11	SUCURSAL BANCARIA
-99.8788427	19.7976832	2019-12-21	BANCOPPEL STAND ALONE
-103.9859879	23.7397683	2018-07-06	TIENDA COPPEL
-100.9823979	25.4427336	2018-02-09	ZAPATERIA
-98.2801065	26.0914635	2018-07-13	TIENDA ROPA
-99.8286911	25.1909219	2019-06-14	ZAPATERIA
-94.4248015	18.1438016	2018-07-26	ZAPATERIA
-100.3030456	25.7737685	2018-05-18	ZAPATERIA
-103.4255212	20.5125038	2018-08-27	TIENDA COPPEL
-106.4832893	31.7383779	2018-06-21	TIENDA COPPEL
-115.4099363	32.6548706	2018-05-21	TIENDA COPPEL
-99.1382204	19.4344666	2018-11-30	TIENDA ROPA
-96.7321405	17.0605434	2019-07-12	ZAPATERIA
-99.2449998	19.5546631	2018-08-24	TIENDA ROPA
-105.248559	19.9375931	2018-08-31	ZAPATERIA + COPPEL DIGITAL
-89.0297874	20.9329609	2018-08-31	TIENDA COPPEL
-99.6387208	19.2857025	2018-04-27	TIENDA ROPA
-100.4342666	20.536599	2018-06-08	ZAPATERIA + COPPEL DIGITAL
-109.7263421	23.1023534	2018-11-30	TIENDA COPPEL
-93.3942402	17.8315091	2018-06-22	ZAPATERIA
-99.5000232	18.3275649	2019-05-03	TIENDA COPPEL
-99.2293394	18.9268136	2020-07-30	TIENDA COPPEL
-98.4677851	18.5991249	2018-10-06	TIENDA COPPEL
-98.3490036	26.05098	2018-08-17	ZAPATERIA
-101.5194834	27.8814986	2018-11-09	TIENDA COPPEL
-100.0751182	24.826329	2018-09-10	TIENDA COPPEL
-100.3189185	25.6776379	2018-12-14	TIENDA ROPA
-104.7781784	24.5262417	2018-10-12	ZAPATERIA
-107.4867178	28.5478034	2018-11-30	TIENDA COPPEL
-99.1727746	19.532159	2018-09-12	TIENDA COPPEL
-99.1193366	19.4969992	2018-08-28	TIENDA COPPEL
-103.5319658	25.5374379	2018-09-21	ZAPATERIA
-108.1413845	29.1941834	2018-12-14	ZAPATERIA
-99.7685657	18.9113681	2020-01-02	TIENDA COPPEL
-99.5356059	19.2759657	2022-01-04	TIENDA COPPEL
-98.2790804	19.0588448	2018-10-05	TIENDA COPPEL
-98.9981979	19.6304109	2019-05-16	TIENDA COPPEL
-86.9075035	21.1773039	2018-10-12	TIENDA ROPA
-94.464125	18.1217733	2019-03-21	ZAPATERIA
-98.4526986	19.7099706	2018-11-13	TIENDA COPPEL
-99.1535483	19.4328926	2018-12-15	ZAPATERIA
-99.0418628	19.2996939	2018-12-15	TIENDA COPPEL
-101.3466624	20.6720168	2018-12-22	ZAPATERIA
-101.0028594	22.1566896	2018-09-28	ZAPATERIA
-97.0780814	18.1388168	2018-12-11	ZAPATERIA
-107.4050486	24.8288136	2018-08-15	TIENDA COPPEL
-92.166083	14.9301405	2018-10-26	ZAPATERIA
-97.4371214	16.0120213	2019-12-20	TIENDA COPPEL
-100.2485383	25.7887341	2018-12-11	ZAPATERIA + COPPEL DIGITAL
-98.7760807	20.0969055	2019-12-12	TIENDA COPPEL
-109.5510974	31.3113308	2018-12-09	ZAPATERIA
-105.0757416	24.8865591	2018-12-14	ZAPATERIA
-98.9785753	19.6994229	2018-11-02	TIENDA ROPA
-98.0438441	19.0423029	2019-05-10	ZAPATERIA
-98.7857256	20.0572715	2019-10-27	TIENDA COPPEL
-99.499342	19.281514	2018-11-09	FASHION MARKET
-99.4390511	19.4204172	2018-10-26	FASHION MARKET
-99.0797326	19.3792932	2018-10-26	FASHION MARKET
-93.1110063	16.7091123	2018-12-14	TIENDA COPPEL
-102.5853199	22.7594785	2019-06-10	TIENDA COPPEL
-103.2052069	20.5067715	2019-11-15	TIENDA COPPEL
-98.8833014	19.3238216	2019-06-14	TIENDA COPPEL
-106.5001279	31.7538219	2019-05-18	TIENDA MUEBLES
-93.2690503	16.2220196	2019-04-12	ZAPATERIA
-100.1517057	20.1873955	2020-10-22	TIENDA COPPEL
-107.3940117	24.8090649	2019-08-22	ZAPATERIA
-87.1128842	20.6709267	2018-12-14	TIENDA ROPA
-99.110347	19.2942682	2018-12-18	TIENDA COPPEL
-105.1745	27.6880729	2019-09-05	ZAPATERIA + COPPEL DIGITAL
-103.8086163	19.203787	2019-07-26	ZAPATERIA + COPPEL DIGITAL
-97.3745832	18.8602356	2020-02-06	ZAPATERIA + COPPEL DIGITAL
-97.3600423	19.8240049	2019-12-13	TIENDA COPPEL
-99.0411308	19.5853998	2019-07-04	ZAPATERIA
-110.3273575	24.0996531	2019-06-21	ZAPATERIA + COPPEL DIGITAL
-97.8058213	19.8182396	2019-10-06	TIENDA COPPEL
-99.1285589	19.4335868	2019-09-06	ZAPATERIA
-96.4670477	15.747849	2019-11-29	TIENDA COPPEL
-100.6149561	20.4495009	2019-12-19	TIENDA COPPEL
-98.9106978	19.6420408	2020-11-13	TIENDA COPPEL
-100.1070348	25.8212774	2019-09-20	ZAPATERIA + COPPEL DIGITAL
-99.2540341	19.3476067	2021-05-27	TIENDA COPPEL
-102.8774385	23.1960244	2019-07-13	TIENDA COPPEL
-98.9406914	22.9970314	2019-12-13	ZAPATERIA + COPPEL DIGITAL
-97.0001223	18.6668459	2020-12-15	ZAPATERIA
-99.1796654	19.6724918	2020-08-14	ZAPATERIA + COPPEL DIGITAL
-101.4125842	26.9496848	2019-04-05	TIENDA COPPEL
-110.223319	23.4495468	2020-11-20	TIENDA ROPA
-99.2487982	19.4901638	2019-11-29	TIENDA COPPEL
-97.5717597	17.6739352	2019-12-18	ZAPATERIA + COPPEL DIGITAL
-96.186705	19.1788072	2019-11-29	TIENDA COPPEL
-108.0745314	25.4566903	2021-11-12	TIENDA COPPEL
-103.2286306	25.5293808	2019-12-20	ZAPATERIA
-115.356387	32.5917316	2019-11-23	TIENDA COPPEL
-102.186665	25.4506059	2019-10-25	TIENDA COPPEL
-114.7981218	32.4499873	2019-12-16	TIENDA COPPEL
-99.0389056	19.6192772	2019-10-18	FASHION MARKET
-99.2174357	19.5799763	2019-10-25	FASHION MARKET
-99.2337001	19.4587054	2019-09-26	FASHION MARKET
-99.1101555	19.3568808	2019-11-07	FASHION MARKET
-98.9311934	19.405003	2020-10-08	FASHION MARKET
-99.2156869	19.6877588	2019-09-20	FASHION MARKET
-111.3456117	26.0113321	2020-01-07	TIENDA COPPEL
-98.1734377	19.0699683	2019-06-01	TIENDA ROPA
-98.7839191	22.0055517	2019-12-20	ZAPATERIA
-99.0768147	19.3123574	2019-10-10	TIENDA ROPA
-107.4418437	24.7883614	2021-10-22	TIENDA COPPEL
-100.1022071	25.7122001	2020-10-16	TIENDA COPPEL
-96.119077	19.1605216	2021-09-10	TIENDA COPPEL
-99.2322353	19.517044	2019-08-24	TIENDA ROPA
-101.8616661	21.0156153	2019-11-14	TIENDA COPPEL
-106.1130713	28.6851693	2019-12-12	ZAPATERIA + COPPEL DIGITAL
-101.418434	20.9473622	2019-12-12	TIENDA COPPEL
-98.0812606	16.3609409	2020-06-22	TIENDA COPPEL
-95.4432953	18.5958862	2020-11-20	TIENDA COPPEL
-95.7424888	18.3716256	2021-02-24	ZAPATERIA
-98.1841791	18.9663328	2021-06-14	TIENDA COPPEL
-97.4501452	20.5488056	2022-03-04	TIENDA COPPEL
-103.4565913	19.7223333	2019-10-31	TIENDA COPPEL
-100.9290703	22.1414881	2019-12-20	TIENDA COPPEL
-99.1557773	19.4070074	2020-04-03	TIENDA COPPEL
-101.4282369	26.7856514	2020-11-20	ZAPATERIA
-98.9573185	19.8710011	2019-12-13	TIENDA COPPEL
-98.8691634	19.329921	2021-12-04	TIENDA COPPEL
-101.6030877	21.0761622	2019-12-19	TIENDA COPPEL
-117.0382471	32.5149469	2021-11-13	TIENDA COPPEL
-100.955755	22.1416439	2019-10-12	TIENDA COPPEL
-98.2765151	19.1044894	2021-03-05	ZAPATERIA + COPPEL DIGITAL
-97.7442794	21.1925684	2021-09-01	TIENDA ROPA
-97.259075	18.3797204	2020-12-03	TIENDA COPPEL
-97.0712513	15.8682108	2019-11-16	COPPEL MOTOS
-97.6761396	20.9093442	2019-12-20	COPPEL MOTOS
-99.0306155	19.5078421	2019-12-20	COPPEL MOTOS
-100.3564596	19.4360101	2020-01-06	COPPEL MOTOS
-97.4657516	20.5438027	2020-11-06	ZAPATERIA + COPPEL DIGITAL
-96.7268523	17.0603702	2022-02-26	ZAPATERIA
-97.4169277	18.4665969	2020-12-18	TIENDA COPPEL
-89.6469611	20.9554636	2021-07-16	TIENDA COPPEL
-97.58733	19.8708591	2021-01-22	TIENDA COPPEL
-103.3565741	25.5368189	2020-10-29	TIENDA COPPEL
-99.0656721	19.4794464	2020-12-16	TIENDA COPPEL
-102.2467734	21.883096	2020-12-04	TIENDA COPPEL
-96.7146157	17.0758488	2020-12-11	ZAPATERIA + COPPEL DIGITAL
-99.0335881	19.4146361	2021-11-26	TIENDA COPPEL
-110.9326341	31.268895	2021-03-26	TIENDA COPPEL
-96.7253164	17.0637447	2021-04-02	ZAPATERIA
-103.0678098	20.6227065	2021-12-10	TIENDA COPPEL
-107.9001799	30.3926463	2020-11-06	TIENDA COPPEL
-110.9789781	29.0585041	2021-03-25	TIENDA COPPEL
-104.079806	20.7670278	2021-03-19	ZAPATERIA
-94.1954816	16.2896941	2021-03-26	TIENDA COPPEL
-77.1945247	41.2033216	2020-10-15	TIENDA ROPA
-105.6112759	23.638604	2020-11-13	TIENDA COPPEL
-100.3167561	25.6799427	2021-12-10	ZAPATERIA
-103.695211	20.5697393	2020-11-13	ZAPATERIA
-103.28566	20.61206	2021-03-12	TIENDA COPPEL
-103.485862	25.5891476	2020-11-20	TIENDA COPPEL
-98.2226513	19.1508564	2021-03-25	TIENDA COPPEL
-93.0150692	18.1697426	2021-10-28	TIENDA COPPEL
-100.3122083	25.8002233	2020-12-11	TIENDA COPPEL
-99.8205151	20.7012036	2021-08-13	TIENDA COPPEL
-97.0602322	20.0628555	2021-10-22	TIENDA COPPEL
-102.2897871	21.9245323	2020-10-09	TIENDA COPPEL
-103.8913781	18.9230385	2020-12-11	TIENDA COPPEL
-98.7553843	18.4999785	2021-12-10	ZAPATERIA
-98.9509953	18.812954	2022-01-21	TIENDA COPPEL
-98.1584384	24.8503066	2021-08-13	TIENDA COPPEL
-102.7092031	20.2917656	2021-06-11	TIENDA COPPEL
-96.1075829	19.0945072	2020-10-22	TIENDA COPPEL
-100.2278394	25.6598767	2021-12-17	TIENDA ROPA
-97.8858276	22.39827	2021-08-26	TIENDA COPPEL
-102.7269907	20.0641012	2020-09-30	COPPEL MOTOS
-110.9893983	29.1434302	2020-12-11	ZAPATERIA + COPPEL DIGITAL
-99.8236533	16.8531086	2022-04-01	TIENDA COPPEL
-99.2723299	19.4104626	2020-12-03	TIENDA COPPEL
-102.5870398	19.2080937	2021-11-25	TIENDA COPPEL
-107.4484864	24.7634173	2020-10-30	TIENDA COPPEL
-102.4319683	19.9544881	2021-05-07	TIENDA COPPEL
-99.2222634	19.3601251	2021-11-12	TIENDA COPPEL
-98.9714623	22.7397491	2020-10-30	COPPEL MOTOS
-98.9397139	18.8436035	2020-11-06	COPPEL MOTOS
-101.9449922	21.3429481	2020-11-13	TIENDA COPPEL
-99.2328344	19.4740328	2021-10-29	ZAPATERIA
-98.1328147	19.0474765	2021-07-30	TIENDA COPPEL
-99.0249533	19.5879133	2021-05-13	TIENDA ROPA
-96.715483	17.0787464	2021-12-18	TIENDA COPPEL
-92.1161048	16.2210508	2021-07-09	TIENDA COPPEL
-98.8819317	19.5502415	2021-06-25	ZAPATERIA
-98.3164637	19.2337142	2021-10-28	ZAPATERIA
-100.3133067	25.6780368	2021-12-17	TIENDA COPPEL
-99.3347987	18.302249	2021-12-17	TIENDA COPPEL
-105.4814239	28.2643097	2021-12-11	TIENDA COPPEL
-101.7180164	21.127169	2021-07-30	TIENDA COPPEL
-89.2859122	20.2058272	2021-10-15	TIENDA COPPEL
-96.7614193	17.1248604	2021-12-18	TIENDA COPPEL
-99.1800012	19.3053282	2021-04-22	TIENDA COPPEL
-100.4924424	25.6880945	2021-03-12	TIENDA COPPEL
-103.4171347	20.6443837	2022-03-31	TIENDA COPPEL
-96.8906453	19.5047257	2021-12-22	TIENDA COPPEL
-103.296614	20.6886384	2021-07-23	TIENDA ROPA
-110.3115921	24.1244111	2021-07-03	TIENDA COPPEL
-101.9978773	19.9160435	2022-03-31	TIENDA COPPEL
-100.2155801	25.726016	2021-06-10	ZAPATERIA
-102.7316237	20.0590654	2021-11-28	TIENDA COPPEL
-97.535858	20.7108219	2022-02-04	TIENDA COPPEL
-107.3440921	24.8037195	2021-11-12	TIENDA COPPEL
-98.8892965	19.2572813	2021-10-15	ZAPATERIA
-103.7179861	19.2516169	2021-12-10	TIENDA COPPEL
-105.2579492	21.0289803	2022-02-25	TIENDA COPPEL
-99.8737857	16.8602655	2021-12-13	TIENDA COPPEL
-99.0945976	19.4391521	2021-09-30	TIENDA COPPEL
-99.6144194	19.1647521	2022-03-25	ZAPATERIA
-99.8721061	18.3669812	2021-10-22	COPPEL MOTOS
-98.432131	22.8283118	2022-02-28	TIENDA COPPEL
-101.6247992	21.0919932	2021-12-18	TIENDA ROPA
-97.861099	22.2331041	2021-10-29	COPPEL MOTOS
-101.4214431	26.9027596	2022-06-24	TIENDA COPPEL
-101.6637308	21.0961036	2022-02-11	TIENDA COPPEL
-100.718241	20.025105	2021-11-27	COPPEL MOTOS
-91.9934618	17.5114885	2021-10-29	COPPEL MOTOS
-106.3967451	31.6264612	2022-01-13	TIENDA COPPEL
-99.2123075	19.2795067	2021-12-22	TIENDA COPPEL
-109.0044226	25.7820458	2021-10-29	FASHION MARKET
-100.3557983	20.6310423	2021-12-16	TIENDA COPPEL
-99.1935599	20.2433596	2021-11-19	COPPEL MOTOS
-99.2199803	20.4783233	2021-12-24	COPPEL MOTOS
-89.6454855	21.0334039	2021-12-17	ZAPATERIA
-99.146999	19.431252	2021-12-17	COPPEL MOTOS
-97.3938498	18.461039	2022-06-03	COPPEL MOTOS
-95.0189548	16.4350091	2021-11-19	COPPEL MOTOS
-102.7645075	20.3510029	2021-11-26	COPPEL MOTOS
-96.3518043	18.4506328	2021-12-23	COPPEL MOTOS
-86.8242968	21.1470347	2021-12-17	FASHION MARKET
-98.8914372	19.3145656	2021-12-17	TIENDA COPPEL
-96.1294575	15.7636614	2021-12-06	COPPEL MOTOS
-90.7246063	19.35572	2021-12-23	COPPEL MOTOS
-106.4247789	23.9406263	2021-12-20	ZAPATERIA
-99.1770584	18.6164142	2021-10-25	COPPEL MOTOS
-93.7612856	16.0869461	2022-01-20	COPPEL MOTOS
-97.8650177	22.2487944	2021-11-25	TIENDA ROPA
-100.3165056	25.7344242	2021-12-15	TIENDA ROPA
-99.1247137	19.6319022	2021-12-10	TIENDA COPPEL
-102.0194236	19.4361375	2022-01-27	TIENDA COPPEL
-99.1429825	19.5178344	2022-03-18	TIENDA COPPEL
-99.1707947	19.3612917	2021-12-23	TIENDA COPPEL
-89.629881	20.9155531	2021-11-30	TIENDA ROPA
-95.2123211	18.4456586	2021-12-28	COPPEL MOTOS
-102.0244915	20.3436181	2021-12-17	COPPEL MOTOS
-99.1305476	19.4354663	2022-07-29	COPPEL MOTOS
-91.9736805	17.5075888	2021-12-23	ZAPATERIA + COPPEL DIGITAL
-99.4584226	19.1741448	2022-06-11	COPPEL MOTOS